index,Unassigned.__.__.__.__.__.__,i7Sequences,i5Sequences,Strain,Time,Sensitization,Cage,Mouse,Reactors,IgE,StrainxTimexSensitization,StrainxTimexSensitizationxCage,StrainxTimexSensitizationxCagexMouse,StrainxTime,StrainxTimexSensitizationxReactor,StrainxTimexSensitizaionxIgE,StrainxTimexSensitizationxReactorxIgE,StrainxTimexReactor,StrainxTimexIgE,cage_mouse,mouse_cage,totalReads
CC0271-1pre,0,AAGAGGCA,TCGACTAG,CC027,pre,PBS,1,1,non,ND,CC027_pre_PBS,CC027_pre_PBS_1,CC027_pre_PBS_1_1,CC027_pre,CC027_pre_PBS_non,CC027_pre_PBS_ND,CC027_pre_PBS_non_ND,CC027_pre_non,CC027_pre_ND,1_1_CC027,1_1,286386
CC0271-2pre,0,GCGTAGTA,CTCTCTAT,CC027,pre,PBS,1,2,non,ND,CC027_pre_PBS,CC027_pre_PBS_1,CC027_pre_PBS_1_2,CC027_pre,CC027_pre_PBS_non,CC027_pre_PBS_ND,CC027_pre_PBS_non_ND,CC027_pre_non,CC027_pre_ND,1_2_CC027,2_1,158673
CC0271-4pre,3,CGGAGCCT,AAGGAGTA,CC027,pre,PBS,1,4,non,ND,CC027_pre_PBS,CC027_pre_PBS_1,CC027_pre_PBS_1_4,CC027_pre,CC027_pre_PBS_non,CC027_pre_PBS_ND,CC027_pre_PBS_non_ND,CC027_pre_non,CC027_pre_ND,1_4_CC027,4_1,194228
CC0271-5pre,0,GGAGCTAC,ACTGCATA,CC027,pre,PBS,1,5,non,ND,CC027_pre_PBS,CC027_pre_PBS_1,CC027_pre_PBS_1_5,CC027_pre,CC027_pre_PBS_non,CC027_pre_PBS_ND,CC027_pre_PBS_non_ND,CC027_pre_non,CC027_pre_ND,1_5_CC027,5_1,128753
CC02710-1pre,0,TACGCTGC,CGTCTAAT,CC027,pre,Egg,10,1,non,low,CC027_pre_Egg,CC027_pre_Egg_10,CC027_pre_Egg_10_1,CC027_pre,CC027_pre_Egg_non,CC027_pre_Egg_low,CC027_pre_Egg_non_low,CC027_pre_non,CC027_pre_low,10_1_CC027,1_10,189376
CC02710-2pre,0,CGTACTAG,TCGACTAG,CC027,pre,Egg,10,2,reactor,low,CC027_pre_Egg,CC027_pre_Egg_10,CC027_pre_Egg_10_2,CC027_pre,CC027_pre_Egg_reactor,CC027_pre_Egg_low,CC027_pre_Egg_reactor_low,CC027_pre_reactor,CC027_pre_low,10_2_CC027,2_10,199770
CC02710-3pre,5,GTAGAGGA,CCTAGAGT,CC027,pre,Egg,10,3,reactor,low,CC027_pre_Egg,CC027_pre_Egg_10,CC027_pre_Egg_10_3,CC027_pre,CC027_pre_Egg_reactor,CC027_pre_Egg_low,CC027_pre_Egg_reactor_low,CC027_pre_reactor,CC027_pre_low,10_3_CC027,3_10,267722
CC02710-4pre,0,TGCAGCTA,CTCTCTAT,CC027,pre,Egg,10,4,non,low,CC027_pre_Egg,CC027_pre_Egg_10,CC027_pre_Egg_10_4,CC027_pre,CC027_pre_Egg_non,CC027_pre_Egg_low,CC027_pre_Egg_non_low,CC027_pre_non,CC027_pre_low,10_4_CC027,4_10,127690
CC02710-5pre,0,GCGTAGTA,CGTCTAAT,CC027,pre,Egg,10,5,non,low,CC027_pre_Egg,CC027_pre_Egg_10,CC027_pre_Egg_10_5,CC027_pre,CC027_pre_Egg_non,CC027_pre_Egg_low,CC027_pre_Egg_non_low,CC027_pre_non,CC027_pre_low,10_5_CC027,5_10,103856
CC0272-1pre,0,GGAGCTAC,GTAAGGAG,CC027,pre,PBS,2,1,non,ND,CC027_pre_PBS,CC027_pre_PBS_2,CC027_pre_PBS_2_1,CC027_pre,CC027_pre_PBS_non,CC027_pre_PBS_ND,CC027_pre_PBS_non_ND,CC027_pre_non,CC027_pre_ND,2_1_CC027,1_2,207686
CC0272-2pre,0,AGGCAGAA,GAGCCTTA,CC027,pre,PBS,2,2,non,ND,CC027_pre_PBS,CC027_pre_PBS_2,CC027_pre_PBS_2_2,CC027_pre,CC027_pre_PBS_non,CC027_pre_PBS_ND,CC027_pre_PBS_non_ND,CC027_pre_non,CC027_pre_ND,2_2_CC027,2_2,220716
CC0272-3pre,0,TCCTGAGC,GCGTAAGA,CC027,pre,PBS,2,3,non,ND,CC027_pre_PBS,CC027_pre_PBS_2,CC027_pre_PBS_2_3,CC027_pre,CC027_pre_PBS_non,CC027_pre_PBS_ND,CC027_pre_PBS_non_ND,CC027_pre_non,CC027_pre_ND,2_3_CC027,3_2,173097
CC0273-1pre,0,TAGGCATG,TTATGCGA,CC027,pre,Peanut,3,1,reactor,high,CC027_pre_Peanut,CC027_pre_Peanut_3,CC027_pre_Peanut_3_1,CC027_pre,CC027_pre_Peanut_reactor,CC027_pre_Peanut_high,CC027_pre_Peanut_reactor_high,CC027_pre_reactor,CC027_pre_high,3_1_CC027,1_3,91853
CC0273-2pre,0,AGGCAGAA,GCGTAAGA,CC027,pre,Peanut,3,2,reactor,high,CC027_pre_Peanut,CC027_pre_Peanut_3,CC027_pre_Peanut_3_2,CC027_pre,CC027_pre_Peanut_reactor,CC027_pre_Peanut_high,CC027_pre_Peanut_reactor_high,CC027_pre_reactor,CC027_pre_high,3_2_CC027,2_3,164932
CC0273-3pre,0,AGGCAGAA,AAGGCTAT,CC027,pre,Peanut,3,3,reactor,low,CC027_pre_Peanut,CC027_pre_Peanut_3,CC027_pre_Peanut_3_3,CC027_pre,CC027_pre_Peanut_reactor,CC027_pre_Peanut_low,CC027_pre_Peanut_reactor_low,CC027_pre_reactor,CC027_pre_low,3_3_CC027,3_3,216482
CC0273-4pre,0,TAGCGCTC,ACTGCATA,CC027,pre,Peanut,3,4,reactor,low,CC027_pre_Peanut,CC027_pre_Peanut_3,CC027_pre_Peanut_3_4,CC027_pre,CC027_pre_Peanut_reactor,CC027_pre_Peanut_low,CC027_pre_Peanut_reactor_low,CC027_pre_reactor,CC027_pre_low,3_4_CC027,4_3,187782
CC0273-5pre,0,ACTGAGCG,AAGGAGTA,CC027,pre,Peanut,3,5,reactor,low,CC027_pre_Peanut,CC027_pre_Peanut_3,CC027_pre_Peanut_3_5,CC027_pre,CC027_pre_Peanut_reactor,CC027_pre_Peanut_low,CC027_pre_Peanut_reactor_low,CC027_pre_reactor,CC027_pre_low,3_5_CC027,5_3,154521
CC0274-1pre,22,CCTAAGAC,AAGGAGTA,CC027,pre,Peanut,4,1,reactor,high,CC027_pre_Peanut,CC027_pre_Peanut_4,CC027_pre_Peanut_4_1,CC027_pre,CC027_pre_Peanut_reactor,CC027_pre_Peanut_high,CC027_pre_Peanut_reactor_high,CC027_pre_reactor,CC027_pre_high,4_1_CC027,1_4,208601
CC0274-2pre,0,TCCTGAGC,TTCTAGCT,CC027,pre,Peanut,4,2,reactor,low,CC027_pre_Peanut,CC027_pre_Peanut_4,CC027_pre_Peanut_4_2,CC027_pre,CC027_pre_Peanut_reactor,CC027_pre_Peanut_low,CC027_pre_Peanut_reactor_low,CC027_pre_reactor,CC027_pre_low,4_2_CC027,2_4,168999
CC0274-4pre,0,ATGCGCAG,TCTCTCCG,CC027,pre,Peanut,4,4,reactor,low,CC027_pre_Peanut,CC027_pre_Peanut_4,CC027_pre_Peanut_4_4,CC027_pre,CC027_pre_Peanut_reactor,CC027_pre_Peanut_low,CC027_pre_Peanut_reactor_low,CC027_pre_reactor,CC027_pre_low,4_4_CC027,4_4,153731
CC0274-5pre,0,CGGAGCCT,CTAAGCCT,CC027,pre,Peanut,4,5,reactor,high,CC027_pre_Peanut,CC027_pre_Peanut_4,CC027_pre_Peanut_4_5,CC027_pre,CC027_pre_Peanut_reactor,CC027_pre_Peanut_high,CC027_pre_Peanut_reactor_high,CC027_pre_reactor,CC027_pre_high,4_5_CC027,5_4,221266
CC0275-1pre,0,GGACTCCT,GCGTAAGA,CC027,pre,Walnut,5,1,non,low,CC027_pre_Walnut,CC027_pre_Walnut_5,CC027_pre_Walnut_5_1,CC027_pre,CC027_pre_Walnut_non,CC027_pre_Walnut_low,CC027_pre_Walnut_non_low,CC027_pre_non,CC027_pre_low,5_1_CC027,1_5,160478
CC0275-2pre,0,TACGCTGC,CTAAGCCT,CC027,pre,Walnut,5,2,reactor,high,CC027_pre_Walnut,CC027_pre_Walnut_5,CC027_pre_Walnut_5_2,CC027_pre,CC027_pre_Walnut_reactor,CC027_pre_Walnut_high,CC027_pre_Walnut_reactor_high,CC027_pre_reactor,CC027_pre_high,5_2_CC027,2_5,129157
CC0275-3pre,0,CCTAAGAC,ACTGCATA,CC027,pre,Walnut,5,3,non,low,CC027_pre_Walnut,CC027_pre_Walnut_5,CC027_pre_Walnut_5_3,CC027_pre,CC027_pre_Walnut_non,CC027_pre_Walnut_low,CC027_pre_Walnut_non_low,CC027_pre_non,CC027_pre_low,5_3_CC027,3_5,206693
CC0275-4pre,0,TCGACGTC,CTCTCTAT,CC027,pre,Walnut,5,4,reactor,low,CC027_pre_Walnut,CC027_pre_Walnut_5,CC027_pre_Walnut_5_4,CC027_pre,CC027_pre_Walnut_reactor,CC027_pre_Walnut_low,CC027_pre_Walnut_reactor_low,CC027_pre_reactor,CC027_pre_low,5_4_CC027,4_5,125396
CC0276-1pre,0,AAGAGGCA,GCGTAAGA,CC027,pre,Walnut,6,1,non,low,CC027_pre_Walnut,CC027_pre_Walnut_6,CC027_pre_Walnut_6_1,CC027_pre,CC027_pre_Walnut_non,CC027_pre_Walnut_low,CC027_pre_Walnut_non_low,CC027_pre_non,CC027_pre_low,6_1_CC027,1_6,158122
CC0276-2pre,0,CCTAAGAC,CGTCTAAT,CC027,pre,Walnut,6,2,reactor,low,CC027_pre_Walnut,CC027_pre_Walnut_6,CC027_pre_Walnut_6_2,CC027_pre,CC027_pre_Walnut_reactor,CC027_pre_Walnut_low,CC027_pre_Walnut_reactor_low,CC027_pre_reactor,CC027_pre_low,6_2_CC027,2_6,183097
CC0276-3pre,0,TAGGCATG,CTATTAAG,CC027,pre,Walnut,6,3,reactor,low,CC027_pre_Walnut,CC027_pre_Walnut_6,CC027_pre_Walnut_6_3,CC027_pre,CC027_pre_Walnut_reactor,CC027_pre_Walnut_low,CC027_pre_Walnut_reactor_low,CC027_pre_reactor,CC027_pre_low,6_3_CC027,3_6,215414
CC0276-4pre,0,TCGACGTC,AAGGAGTA,CC027,pre,Walnut,6,4,reactor,low,CC027_pre_Walnut,CC027_pre_Walnut_6,CC027_pre_Walnut_6_4,CC027_pre,CC027_pre_Walnut_reactor,CC027_pre_Walnut_low,CC027_pre_Walnut_reactor_low,CC027_pre_reactor,CC027_pre_low,6_4_CC027,4_6,163150
CC0276-5pre,0,ACTCGCTA,TCTCTCCG,CC027,pre,Walnut,6,5,reactor,high,CC027_pre_Walnut,CC027_pre_Walnut_6,CC027_pre_Walnut_6_5,CC027_pre,CC027_pre_Walnut_reactor,CC027_pre_Walnut_high,CC027_pre_Walnut_reactor_high,CC027_pre_reactor,CC027_pre_high,6_5_CC027,5_6,200366
CC0277-1pre,0,TCCTGAGC,GAGCCTTA,CC027,pre,Milk,7,1,non,low,CC027_pre_Milk,CC027_pre_Milk_7,CC027_pre_Milk_7_1,CC027_pre,CC027_pre_Milk_non,CC027_pre_Milk_low,CC027_pre_Milk_non_low,CC027_pre_non,CC027_pre_low,7_1_CC027,1_7,191762
CC0277-2pre,8,TAGCGCTC,GTAAGGAG,CC027,pre,Milk,7,2,non,low,CC027_pre_Milk,CC027_pre_Milk_7,CC027_pre_Milk_7_2,CC027_pre,CC027_pre_Milk_non,CC027_pre_Milk_low,CC027_pre_Milk_non_low,CC027_pre_non,CC027_pre_low,7_2_CC027,2_7,334613
CC0277-4pre,0,CTCTCTAC,AAGGCTAT,CC027,pre,Milk,7,4,non,low,CC027_pre_Milk,CC027_pre_Milk_7,CC027_pre_Milk_7_4,CC027_pre,CC027_pre_Milk_non,CC027_pre_Milk_low,CC027_pre_Milk_non_low,CC027_pre_non,CC027_pre_low,7_4_CC027,4_7,169309
CC0277-5pre,0,ATGCGCAG,CTAAGCCT,CC027,pre,Milk,7,5,non,low,CC027_pre_Milk,CC027_pre_Milk_7,CC027_pre_Milk_7_5,CC027_pre,CC027_pre_Milk_non,CC027_pre_Milk_low,CC027_pre_Milk_non_low,CC027_pre_non,CC027_pre_low,7_5_CC027,5_7,139443
CC0278-1pre,0,GGACTCCT,CTATTAAG,CC027,pre,Milk,8,1,non,low,CC027_pre_Milk,CC027_pre_Milk_8,CC027_pre_Milk_8_1,CC027_pre,CC027_pre_Milk_non,CC027_pre_Milk_low,CC027_pre_Milk_non_low,CC027_pre_non,CC027_pre_low,8_1_CC027,1_8,229725
CC0278-2pre,0,GCTCATGA,AAGGCTAT,CC027,pre,Milk,8,2,non,low,CC027_pre_Milk,CC027_pre_Milk_8,CC027_pre_Milk_8_2,CC027_pre,CC027_pre_Milk_non,CC027_pre_Milk_low,CC027_pre_Milk_non_low,CC027_pre_non,CC027_pre_low,8_2_CC027,2_8,182359
CC0278-5pre,0,GGACTCCT,AAGGCTAT,CC027,pre,Milk,8,5,reactor,low,CC027_pre_Milk,CC027_pre_Milk_8,CC027_pre_Milk_8_5,CC027_pre,CC027_pre_Milk_reactor,CC027_pre_Milk_low,CC027_pre_Milk_reactor_low,CC027_pre_reactor,CC027_pre_low,8_5_CC027,5_8,208128
CC0279-1pre,0,GCGTAGTA,AAGGAGTA,CC027,pre,Egg,9,1,non,low,CC027_pre_Egg,CC027_pre_Egg_9,CC027_pre_Egg_9_1,CC027_pre,CC027_pre_Egg_non,CC027_pre_Egg_low,CC027_pre_Egg_non_low,CC027_pre_non,CC027_pre_low,9_1_CC027,1_9,190804
CC0279-2pre,0,TAAGGCGA,TTCTAGCT,CC027,pre,Egg,9,2,non,low,CC027_pre_Egg,CC027_pre_Egg_9,CC027_pre_Egg_9_2,CC027_pre,CC027_pre_Egg_non,CC027_pre_Egg_low,CC027_pre_Egg_non_low,CC027_pre_non,CC027_pre_low,9_2_CC027,2_9,91827
CC0279-3pre,0,GTAGAGGA,TTATGCGA,CC027,pre,Egg,9,3,non,low,CC027_pre_Egg,CC027_pre_Egg_9,CC027_pre_Egg_9_3,CC027_pre,CC027_pre_Egg_non,CC027_pre_Egg_low,CC027_pre_Egg_non_low,CC027_pre_non,CC027_pre_low,9_3_CC027,3_9,175337
CC0279-4pre,0,GCTCATGA,TTCTAGCT,CC027,pre,Egg,9,4,non,low,CC027_pre_Egg,CC027_pre_Egg_9,CC027_pre_Egg_9_4,CC027_pre,CC027_pre_Egg_non,CC027_pre_Egg_low,CC027_pre_Egg_non_low,CC027_pre_non,CC027_pre_low,9_4_CC027,4_9,90241
CC0279-5pre,0,CGATCAGT,CTCTCTAT,CC027,pre,Egg,9,5,non,low,CC027_pre_Egg,CC027_pre_Egg_9,CC027_pre_Egg_9_5,CC027_pre,CC027_pre_Egg_non,CC027_pre_Egg_low,CC027_pre_Egg_non_low,CC027_pre_non,CC027_pre_low,9_5_CC027,5_9,158310
C3H1-3pre,0,TGCAGCTA,CGTCTAAT,C3H,pre,PBS,1,3,non,ND,C3H_pre_PBS,C3H_pre_PBS_1,C3H_pre_PBS_1_3,C3H_pre,C3H_pre_PBS_non,C3H_pre_PBS_ND,C3H_pre_PBS_non_ND,C3H_pre_non,C3H_pre_ND,1_3_C3H,3_1,127291
C3H1-4pre,0,ATGCGCAG,GTAAGGAG,C3H,pre,PBS,1,4,non,ND,C3H_pre_PBS,C3H_pre_PBS_1,C3H_pre_PBS_1_4,C3H_pre,C3H_pre_PBS_non,C3H_pre_PBS_ND,C3H_pre_PBS_non_ND,C3H_pre_non,C3H_pre_ND,1_4_C3H,4_1,256669
C3H1-5pre,0,TGCAGCTA,AAGGAGTA,C3H,pre,PBS,1,5,non,ND,C3H_pre_PBS,C3H_pre_PBS_1,C3H_pre_PBS_1_5,C3H_pre,C3H_pre_PBS_non,C3H_pre_PBS_ND,C3H_pre_PBS_non_ND,C3H_pre_non,C3H_pre_ND,1_5_C3H,5_1,159018
C3H10-1pre,0,CTCTCTAC,TCGACTAG,C3H,pre,Egg,10,1,non,low,C3H_pre_Egg,C3H_pre_Egg_10,C3H_pre_Egg_10_1,C3H_pre,C3H_pre_Egg_non,C3H_pre_Egg_low,C3H_pre_Egg_non_low,C3H_pre_non,C3H_pre_low,10_1_C3H,1_10,203201
C3H10-3pre,0,TACGCTGC,ACTGCATA,C3H,pre,Egg,10,3,non,low,C3H_pre_Egg,C3H_pre_Egg_10,C3H_pre_Egg_10_3,C3H_pre,C3H_pre_Egg_non,C3H_pre_Egg_low,C3H_pre_Egg_non_low,C3H_pre_non,C3H_pre_low,10_3_C3H,3_10,152648
C3H10-4pre,0,TCGACGTC,GTAAGGAG,C3H,pre,Egg,10,4,non,low,C3H_pre_Egg,C3H_pre_Egg_10,C3H_pre_Egg_10_4,C3H_pre,C3H_pre_Egg_non,C3H_pre_Egg_low,C3H_pre_Egg_non_low,C3H_pre_non,C3H_pre_low,10_4_C3H,4_10,160336
C3H2-1pre,2,ACTCGCTA,ACTGCATA,C3H,pre,PBS,2,1,non,ND,C3H_pre_PBS,C3H_pre_PBS_2,C3H_pre_PBS_2_1,C3H_pre,C3H_pre_PBS_non,C3H_pre_PBS_ND,C3H_pre_PBS_non_ND,C3H_pre_non,C3H_pre_ND,2_1_C3H,1_2,218335
C3H2-2pre,0,GGACTCCT,TTCTAGCT,C3H,pre,PBS,2,2,non,ND,C3H_pre_PBS,C3H_pre_PBS_2,C3H_pre_PBS_2_2,C3H_pre,C3H_pre_PBS_non,C3H_pre_PBS_ND,C3H_pre_PBS_non_ND,C3H_pre_non,C3H_pre_ND,2_2_C3H,2_2,242185
C3H2-3pre,0,ACTCGCTA,CGTCTAAT,C3H,pre,PBS,2,3,non,ND,C3H_pre_PBS,C3H_pre_PBS_2,C3H_pre_PBS_2_3,C3H_pre,C3H_pre_PBS_non,C3H_pre_PBS_ND,C3H_pre_PBS_non_ND,C3H_pre_non,C3H_pre_ND,2_3_C3H,3_2,150844
C3H2-4pre,0,CGGAGCCT,CGTCTAAT,C3H,pre,PBS,2,4,non,ND,C3H_pre_PBS,C3H_pre_PBS_2,C3H_pre_PBS_2_4,C3H_pre,C3H_pre_PBS_non,C3H_pre_PBS_ND,C3H_pre_PBS_non_ND,C3H_pre_non,C3H_pre_ND,2_4_C3H,4_2,167351
C3H3-1pre,0,TAGCGCTC,AAGGAGTA,C3H,pre,Peanut,3,1,non,low,C3H_pre_Peanut,C3H_pre_Peanut_3,C3H_pre_Peanut_3_1,C3H_pre,C3H_pre_Peanut_non,C3H_pre_Peanut_low,C3H_pre_Peanut_non_low,C3H_pre_non,C3H_pre_low,3_1_C3H,1_3,253919
C3H3-3pre,0,CCTAAGAC,TCTCTCCG,C3H,pre,Peanut,3,3,non,low,C3H_pre_Peanut,C3H_pre_Peanut_3,C3H_pre_Peanut_3_3,C3H_pre,C3H_pre_Peanut_non,C3H_pre_Peanut_low,C3H_pre_Peanut_non_low,C3H_pre_non,C3H_pre_low,3_3_C3H,3_3,146265
C3H3-4pre,0,GCGTAGTA,ACTGCATA,C3H,pre,Peanut,3,4,non,low,C3H_pre_Peanut,C3H_pre_Peanut_3,C3H_pre_Peanut_3_4,C3H_pre,C3H_pre_Peanut_non,C3H_pre_Peanut_low,C3H_pre_Peanut_non_low,C3H_pre_non,C3H_pre_low,3_4_C3H,4_3,187031
C3H3-5pre,0,ACTGAGCG,ACTGCATA,C3H,pre,Peanut,3,5,non,low,C3H_pre_Peanut,C3H_pre_Peanut_3,C3H_pre_Peanut_3_5,C3H_pre,C3H_pre_Peanut_non,C3H_pre_Peanut_low,C3H_pre_Peanut_non_low,C3H_pre_non,C3H_pre_low,3_5_C3H,5_3,153414
C3H4-1pre,0,CGTACTAG,GCGTAAGA,C3H,pre,Peanut,4,1,non,low,C3H_pre_Peanut,C3H_pre_Peanut_4,C3H_pre_Peanut_4_1,C3H_pre,C3H_pre_Peanut_non,C3H_pre_Peanut_low,C3H_pre_Peanut_non_low,C3H_pre_non,C3H_pre_low,4_1_C3H,1_4,99101
C3H4-4pre,0,ACTCGCTA,TATCCTCT,C3H,pre,Peanut,4,4,non,low,C3H_pre_Peanut,C3H_pre_Peanut_4,C3H_pre_Peanut_4_4,C3H_pre,C3H_pre_Peanut_non,C3H_pre_Peanut_low,C3H_pre_Peanut_non_low,C3H_pre_non,C3H_pre_low,4_4_C3H,4_4,180026
C3H4-5pre,0,TCCTGAGC,CTATTAAG,C3H,pre,Peanut,4,5,non,low,C3H_pre_Peanut,C3H_pre_Peanut_4,C3H_pre_Peanut_4_5,C3H_pre,C3H_pre_Peanut_non,C3H_pre_Peanut_low,C3H_pre_Peanut_non_low,C3H_pre_non,C3H_pre_low,4_5_C3H,5_4,220222
C3H5-1pre,0,TACGCTGC,GTAAGGAG,C3H,pre,Walnut,5,1,non,low,C3H_pre_Walnut,C3H_pre_Walnut_5,C3H_pre_Walnut_5_1,C3H_pre,C3H_pre_Walnut_non,C3H_pre_Walnut_low,C3H_pre_Walnut_non_low,C3H_pre_non,C3H_pre_low,5_1_C3H,1_5,208097
C3H5-2pre,0,AGGCAGAA,CCTAGAGT,C3H,pre,Walnut,5,2,non,low,C3H_pre_Walnut,C3H_pre_Walnut_5,C3H_pre_Walnut_5_2,C3H_pre,C3H_pre_Walnut_non,C3H_pre_Walnut_low,C3H_pre_Walnut_non_low,C3H_pre_non,C3H_pre_low,5_2_C3H,2_5,168333
C3H5-4pre,0,TAAGGCGA,TCGACTAG,C3H,pre,Walnut,5,4,non,low,C3H_pre_Walnut,C3H_pre_Walnut_5,C3H_pre_Walnut_5_4,C3H_pre,C3H_pre_Walnut_non,C3H_pre_Walnut_low,C3H_pre_Walnut_non_low,C3H_pre_non,C3H_pre_low,5_4_C3H,4_5,983854
C3H6-1pre,0,GTAGAGGA,GAGCCTTA,C3H,pre,Walnut,6,1,non,low,C3H_pre_Walnut,C3H_pre_Walnut_6,C3H_pre_Walnut_6_1,C3H_pre,C3H_pre_Walnut_non,C3H_pre_Walnut_low,C3H_pre_Walnut_non_low,C3H_pre_non,C3H_pre_low,6_1_C3H,1_6,248934
C3H6-2pre,0,GTAGAGGA,CTATTAAG,C3H,pre,Walnut,6,2,non,low,C3H_pre_Walnut,C3H_pre_Walnut_6,C3H_pre_Walnut_6_2,C3H_pre,C3H_pre_Walnut_non,C3H_pre_Walnut_low,C3H_pre_Walnut_non_low,C3H_pre_non,C3H_pre_low,6_2_C3H,2_6,202438
C3H6-3pre,0,GCGTAGTA,TCTCTCCG,C3H,pre,Walnut,6,3,non,low,C3H_pre_Walnut,C3H_pre_Walnut_6,C3H_pre_Walnut_6_3,C3H_pre,C3H_pre_Walnut_non,C3H_pre_Walnut_low,C3H_pre_Walnut_non_low,C3H_pre_non,C3H_pre_low,6_3_C3H,3_6,116760
C3H6-4pre,0,TCGACGTC,CTAAGCCT,C3H,pre,Walnut,6,4,non,low,C3H_pre_Walnut,C3H_pre_Walnut_6,C3H_pre_Walnut_6_4,C3H_pre,C3H_pre_Walnut_non,C3H_pre_Walnut_low,C3H_pre_Walnut_non_low,C3H_pre_non,C3H_pre_low,6_4_C3H,4_6,182029
C3H7-1pre,0,AAGAGGCA,GAGCCTTA,C3H,pre,Milk,7,1,non,low,C3H_pre_Milk,C3H_pre_Milk_7,C3H_pre_Milk_7_1,C3H_pre,C3H_pre_Milk_non,C3H_pre_Milk_low,C3H_pre_Milk_non_low,C3H_pre_non,C3H_pre_low,7_1_C3H,1_7,124224
C3H7-2pre,0,TGCAGCTA,CTAAGCCT,C3H,pre,Milk,7,2,non,low,C3H_pre_Milk,C3H_pre_Milk_7,C3H_pre_Milk_7_2,C3H_pre,C3H_pre_Milk_non,C3H_pre_Milk_low,C3H_pre_Milk_non_low,C3H_pre_non,C3H_pre_low,7_2_C3H,2_7,114204
C3H7-3pre,0,TGCAGCTA,GTAAGGAG,C3H,pre,Milk,7,3,non,low,C3H_pre_Milk,C3H_pre_Milk_7,C3H_pre_Milk_7_3,C3H_pre,C3H_pre_Milk_non,C3H_pre_Milk_low,C3H_pre_Milk_non_low,C3H_pre_non,C3H_pre_low,7_3_C3H,3_7,185236
C3H7-4pre,0,GTAGAGGA,AAGGCTAT,C3H,pre,Milk,7,4,non,low,C3H_pre_Milk,C3H_pre_Milk_7,C3H_pre_Milk_7_4,C3H_pre,C3H_pre_Milk_non,C3H_pre_Milk_low,C3H_pre_Milk_non_low,C3H_pre_non,C3H_pre_low,7_4_C3H,4_7,218932
C3H8-1pre,0,CTCTCTAC,TTATGCGA,C3H,pre,Milk,8,1,non,low,C3H_pre_Milk,C3H_pre_Milk_8,C3H_pre_Milk_8_1,C3H_pre,C3H_pre_Milk_non,C3H_pre_Milk_low,C3H_pre_Milk_non_low,C3H_pre_non,C3H_pre_low,8_1_C3H,1_8,74349
C3H8-2pre,0,CTCTCTAC,GAGCCTTA,C3H,pre,Milk,8,2,non,low,C3H_pre_Milk,C3H_pre_Milk_8,C3H_pre_Milk_8_2,C3H_pre,C3H_pre_Milk_non,C3H_pre_Milk_low,C3H_pre_Milk_non_low,C3H_pre_non,C3H_pre_low,8_2_C3H,2_8,183513
C3H8-3pre,0,TAAGGCGA,AAGGCTAT,C3H,pre,Milk,8,3,non,low,C3H_pre_Milk,C3H_pre_Milk_8,C3H_pre_Milk_8_3,C3H_pre,C3H_pre_Milk_non,C3H_pre_Milk_low,C3H_pre_Milk_non_low,C3H_pre_non,C3H_pre_low,8_3_C3H,3_8,281012
C3H8-4pre,0,GCTCATGA,TCGACTAG,C3H,pre,Milk,8,4,non,low,C3H_pre_Milk,C3H_pre_Milk_8,C3H_pre_Milk_8_4,C3H_pre,C3H_pre_Milk_non,C3H_pre_Milk_low,C3H_pre_Milk_non_low,C3H_pre_non,C3H_pre_low,8_4_C3H,4_8,186643
C3H9-1pre,0,ATGCGCAG,AAGGAGTA,C3H,pre,Egg,9,1,non,low,C3H_pre_Egg,C3H_pre_Egg_9,C3H_pre_Egg_9_1,C3H_pre,C3H_pre_Egg_non,C3H_pre_Egg_low,C3H_pre_Egg_non_low,C3H_pre_non,C3H_pre_low,9_1_C3H,1_9,271914
C3H9-2pre,0,TAGCGCTC,CTAAGCCT,C3H,pre,Egg,9,2,non,low,C3H_pre_Egg,C3H_pre_Egg_9,C3H_pre_Egg_9_2,C3H_pre,C3H_pre_Egg_non,C3H_pre_Egg_low,C3H_pre_Egg_non_low,C3H_pre_non,C3H_pre_low,9_2_C3H,2_9,129174
C3H9-3pre,0,GCTCATGA,CCTAGAGT,C3H,pre,Egg,9,3,non,low,C3H_pre_Egg,C3H_pre_Egg_9,C3H_pre_Egg_9_3,C3H_pre,C3H_pre_Egg_non,C3H_pre_Egg_low,C3H_pre_Egg_non_low,C3H_pre_non,C3H_pre_low,9_3_C3H,3_9,154555
C3H9-4pre,0,GGAGCTAC,CTAAGCCT,C3H,pre,Egg,9,4,non,low,C3H_pre_Egg,C3H_pre_Egg_9,C3H_pre_Egg_9_4,C3H_pre,C3H_pre_Egg_non,C3H_pre_Egg_low,C3H_pre_Egg_non_low,C3H_pre_non,C3H_pre_low,9_4_C3H,4_9,223694
