col,Kingdom,Phylum,Class,Order,Family,Genus,Species,ID,i,Correlation,pval,pseudoF,permanova_pval,weight
k__Bacteria;__;__;__;__;__;__,k__Bacteria,__,__,__,__,__,__,V1,1,0.8580472314999882,0.5,27.042926207795098,0.5,0.0070088895961740345
k__Bacteria;p__;c__;o__;f__;g__;s__,k__Bacteria,p__,c__,o__,f__,g__,s__,V2,2,0.45829314715595904,0.5,13.552197673536744,0.5,9.873278735239134e-6
k__Bacteria;p__Actinobacteria;c__Actinobacteria;o__Actinomycetales;__;__;__,k__Bacteria,p__Actinobacteria,c__Actinobacteria,o__Actinomycetales,__,__,__,V3,3,0.9199158824806616,0.5,33.812822583835576,0.5,1.3222472485345545e-6
k__Bacteria;p__Actinobacteria;c__Actinobacteria;o__Actinomycetales;f__Actinomycetaceae;g__Actinomyces;s__,k__Bacteria,p__Actinobacteria,c__Actinobacteria,o__Actinomycetales,f__Actinomycetaceae,g__Actinomyces,s__,V4,4,0.9991658243939117,0.5,37.28171611049832,0.5,1.0032840684156482e-6
k__Bacteria;p__Actinobacteria;c__Actinobacteria;o__Actinomycetales;f__Corynebacteriaceae;g__Corynebacterium;__,k__Bacteria,p__Actinobacteria,c__Actinobacteria,o__Actinomycetales,f__Corynebacteriaceae,g__Corynebacterium,__,V5,5,0.9991658243939117,0.5,37.28171611049832,0.5,1.0032840684156482e-6
k__Bacteria;p__Actinobacteria;c__Actinobacteria;o__Actinomycetales;f__Corynebacteriaceae;g__Corynebacterium;s__,k__Bacteria,p__Actinobacteria,c__Actinobacteria,o__Actinomycetales,f__Corynebacteriaceae,g__Corynebacterium,s__,V6,6,0.9991658243939117,0.5,37.28171611049832,0.5,1.0032840684156482e-6
k__Bacteria;p__Actinobacteria;c__Actinobacteria;o__Actinomycetales;f__Corynebacteriaceae;g__Corynebacterium;s__mastitidis,k__Bacteria,p__Actinobacteria,c__Actinobacteria,o__Actinomycetales,f__Corynebacteriaceae,g__Corynebacterium,s__mastitidis,V7,7,0.5953399040974667,0.5,22.773705215293745,0.5,5.674353908317569e-6
k__Bacteria;p__Actinobacteria;c__Actinobacteria;o__Actinomycetales;f__Dietziaceae;g__Dietzia;s__,k__Bacteria,p__Actinobacteria,c__Actinobacteria,o__Actinomycetales,f__Dietziaceae,g__Dietzia,s__,V8,8,0.9991658243939116,0.5,37.28171611049832,0.5,1.0032840684156482e-6
k__Bacteria;p__Actinobacteria;c__Actinobacteria;o__Actinomycetales;f__Intrasporangiaceae;__;__,k__Bacteria,p__Actinobacteria,c__Actinobacteria,o__Actinomycetales,f__Intrasporangiaceae,__,__,V9,9,0.9039744659379381,0.5,33.365979786102244,0.5,1.4052037320127384e-6
k__Bacteria;p__Actinobacteria;c__Actinobacteria;o__Actinomycetales;f__Microbacteriaceae;__;__,k__Bacteria,p__Actinobacteria,c__Actinobacteria,o__Actinomycetales,f__Microbacteriaceae,__,__,V10,10,0.8438480002363816,0.5,30.720010615030983,0.5,3.264125791432925e-6
k__Bacteria;p__Actinobacteria;c__Actinobacteria;o__Actinomycetales;f__Microbacteriaceae;g__Microbacterium;__,k__Bacteria,p__Actinobacteria,c__Actinobacteria,o__Actinomycetales,f__Microbacteriaceae,g__Microbacterium,__,V11,11,0.9991658243939116,0.5,37.281716110498316,0.5,1.0032840684156482e-6
k__Bacteria;p__Actinobacteria;c__Actinobacteria;o__Actinomycetales;f__Microbacteriaceae;g__Microbacterium;s__aurum,k__Bacteria,p__Actinobacteria,c__Actinobacteria,o__Actinomycetales,f__Microbacteriaceae,g__Microbacterium,s__aurum,V12,12,0.9658023585226833,0.5,35.22928400478204,0.5,1.1578196908512548e-6
k__Bacteria;p__Actinobacteria;c__Actinobacteria;o__Actinomycetales;f__Micrococcaceae;g__Arthrobacter;__,k__Bacteria,p__Actinobacteria,c__Actinobacteria,o__Actinomycetales,f__Micrococcaceae,g__Arthrobacter,__,V13,13,0.8674434831188708,0.5,32.37075886549937,0.5,1.6540731824472905e-6
k__Bacteria;p__Actinobacteria;c__Actinobacteria;o__Actinomycetales;f__Micrococcaceae;g__Kocuria;s__,k__Bacteria,p__Actinobacteria,c__Actinobacteria,o__Actinomycetales,f__Micrococcaceae,g__Kocuria,s__,V14,14,0.9656598190254192,0.5,35.31555815698661,0.5,1.1144547994366691e-6
k__Bacteria;p__Actinobacteria;c__Actinobacteria;o__Actinomycetales;f__Micrococcaceae;g__Micrococcus;__,k__Bacteria,p__Actinobacteria,c__Actinobacteria,o__Actinomycetales,f__Micrococcaceae,g__Micrococcus,__,V15,15,0.9991658243939117,0.5,37.281716110498316,0.5,1.0032840684156482e-6
k__Bacteria;p__Actinobacteria;c__Actinobacteria;o__Actinomycetales;f__Micrococcaceae;g__Nesterenkonia;s__,k__Bacteria,p__Actinobacteria,c__Actinobacteria,o__Actinomycetales,f__Micrococcaceae,g__Nesterenkonia,s__,V16,16,0.9991658243939117,0.5,37.281716110498316,0.5,1.0032840684156482e-6
k__Bacteria;p__Actinobacteria;c__Actinobacteria;o__Actinomycetales;f__Nocardiaceae;g__Rhodococcus;s__fascians,k__Bacteria,p__Actinobacteria,c__Actinobacteria,o__Actinomycetales,f__Nocardiaceae,g__Rhodococcus,s__fascians,V17,17,0.9812902421740843,0.5,35.83598660347532,0.5,1.1020202278050597e-6
k__Bacteria;p__Actinobacteria;c__Actinobacteria;o__Actinomycetales;f__Nocardioidaceae;__;__,k__Bacteria,p__Actinobacteria,c__Actinobacteria,o__Actinomycetales,f__Nocardioidaceae,__,__,V18,18,0.9039744659379381,0.5,33.365979786102244,0.5,1.4052037320127384e-6
k__Bacteria;p__Actinobacteria;c__Actinobacteria;o__Actinomycetales;f__Nocardioidaceae;g__Friedmanniella;s__,k__Bacteria,p__Actinobacteria,c__Actinobacteria,o__Actinomycetales,f__Nocardioidaceae,g__Friedmanniella,s__,V19,19,0.9991658243939117,0.5,37.28171611049832,0.5,1.0032840684156482e-6
k__Bacteria;p__Actinobacteria;c__Actinobacteria;o__Actinomycetales;f__Nocardioidaceae;g__Nocardioides;s__marinisabuli,k__Bacteria,p__Actinobacteria,c__Actinobacteria,o__Actinomycetales,f__Nocardioidaceae,g__Nocardioides,s__marinisabuli,V20,20,0.951508079731216,0.5,34.307952753727925,0.5,1.4205813593735966e-6
k__Bacteria;p__Actinobacteria;c__Actinobacteria;o__Actinomycetales;f__Propionibacteriaceae;g__Luteococcus;s__,k__Bacteria,p__Actinobacteria,c__Actinobacteria,o__Actinomycetales,f__Propionibacteriaceae,g__Luteococcus,s__,V21,21,0.9991658243939117,0.5,37.28171611049832,0.5,1.0032840684156482e-6
k__Bacteria;p__Actinobacteria;c__Actinobacteria;o__Actinomycetales;f__Propionibacteriaceae;g__Propionibacterium;s__acnes,k__Bacteria,p__Actinobacteria,c__Actinobacteria,o__Actinomycetales,f__Propionibacteriaceae,g__Propionibacterium,s__acnes,V22,22,0.9991658243939117,0.5,37.28171611049832,0.5,1.0032840684156482e-6
k__Bacteria;p__Actinobacteria;c__Actinobacteria;o__Actinomycetales;f__Pseudonocardiaceae;g__Pseudonocardia;s__halophobica,k__Bacteria,p__Actinobacteria,c__Actinobacteria,o__Actinomycetales,f__Pseudonocardiaceae,g__Pseudonocardia,s__halophobica,V23,23,0.9991658243939117,0.5,37.28171611049832,0.5,1.0032840684156482e-6
k__Bacteria;p__Actinobacteria;c__Actinobacteria;o__Actinomycetales;f__Sporichthyaceae;g__;s__,k__Bacteria,p__Actinobacteria,c__Actinobacteria,o__Actinomycetales,f__Sporichthyaceae,g__,s__,V24,24,0.8902124497431746,0.5,32.988006597748374,0.5,1.4881602154909225e-6
k__Bacteria;p__Actinobacteria;c__Actinobacteria;o__Bifidobacteriales;f__Bifidobacteriaceae;__;__,k__Bacteria,p__Actinobacteria,c__Actinobacteria,o__Bifidobacteriales,f__Bifidobacteriaceae,__,__,V25,25,0.9617677335681554,0.5,35.18878624406087,0.5,1.12411230415501e-6
k__Bacteria;p__Actinobacteria;c__Actinobacteria;o__Bifidobacteriales;f__Bifidobacteriaceae;g__Bifidobacterium;__,k__Bacteria,p__Actinobacteria,c__Actinobacteria,o__Bifidobacteriales,f__Bifidobacteriaceae,g__Bifidobacterium,__,V26,26,0.37759737927708253,0.5,6.08362161635557,0.5,0.007609154569395122
k__Bacteria;p__Actinobacteria;c__Actinobacteria;o__Bifidobacteriales;f__Bifidobacteriaceae;g__Bifidobacterium;s__pseudolongum,k__Bacteria,p__Actinobacteria,c__Actinobacteria,o__Bifidobacteriales,f__Bifidobacteriaceae,g__Bifidobacterium,s__pseudolongum,V27,27,0.9991658243939116,0.5,37.281716110498316,0.5,1.0032840684156482e-6
k__Bacteria;p__Actinobacteria;c__Coriobacteriia;o__Coriobacteriales;f__Coriobacteriaceae;__;__,k__Bacteria,p__Actinobacteria,c__Coriobacteriia,o__Coriobacteriales,f__Coriobacteriaceae,__,__,V28,28,0.8168206529966203,0.5,188.79727949633377,0.5,1.2112867488198685e-4
k__Bacteria;p__Actinobacteria;c__Coriobacteriia;o__Coriobacteriales;f__Coriobacteriaceae;g__;s__,k__Bacteria,p__Actinobacteria,c__Coriobacteriia,o__Coriobacteriales,f__Coriobacteriaceae,g__,s__,V29,29,0.5156087631440485,0.5,17.192273967607495,0.5,0.005563454661319918
k__Bacteria;p__Actinobacteria;c__Coriobacteriia;o__Coriobacteriales;f__Coriobacteriaceae;g__Adlercreutzia;s__,k__Bacteria,p__Actinobacteria,c__Coriobacteriia,o__Coriobacteriales,f__Coriobacteriaceae,g__Adlercreutzia,s__,V30,30,0.9252994114384592,0.5,30.258495389399897,0.5,0.02192199384916243
k__Bacteria;p__Actinobacteria;c__Coriobacteriia;o__Coriobacteriales;f__Coriobacteriaceae;g__Atopobium;s__vaginae,k__Bacteria,p__Actinobacteria,c__Coriobacteriia,o__Coriobacteriales,f__Coriobacteriaceae,g__Atopobium,s__vaginae,V31,31,0.9991658243939118,0.5,37.28171611049831,0.5,1.0032840684156482e-6
k__Bacteria;p__Actinobacteria;c__Thermoleophilia;o__Solirubrobacterales;f__Solirubrobacteraceae;g__Solirubrobacter;s__,k__Bacteria,p__Actinobacteria,c__Thermoleophilia,o__Solirubrobacterales,f__Solirubrobacteraceae,g__Solirubrobacter,s__,V32,32,0.9991658243939118,0.5,37.28171611049831,0.5,1.0032840684156482e-6
k__Bacteria;p__Bacteroidetes;__;__;__;__;__,k__Bacteria,p__Bacteroidetes,__,__,__,__,__,V33,33,0.7353585006036529,0.5,24.353789607796653,0.5,2.857881249819036e-6
k__Bacteria;p__Bacteroidetes;c__Bacteroidia;o__Bacteroidales;__;__;__,k__Bacteria,p__Bacteroidetes,c__Bacteroidia,o__Bacteroidales,__,__,__,V34,34,0.47634550489269756,0.5,14.738888431013374,0.5,1.0209697631995666e-5
k__Bacteria;p__Bacteroidetes;c__Bacteroidia;o__Bacteroidales;f__;g__;s__,k__Bacteria,p__Bacteroidetes,c__Bacteroidia,o__Bacteroidales,f__,g__,s__,V35,35,0.7469612676981799,0.5,21.31628469233814,0.5,0.01299854971304587
k__Bacteria;p__Bacteroidetes;c__Bacteroidia;o__Bacteroidales;f__Bacteroidaceae;__;__,k__Bacteria,p__Bacteroidetes,c__Bacteroidia,o__Bacteroidales,f__Bacteroidaceae,__,__,V36,36,0.9426012130786673,0.5,35.531210138738594,0.5,1.196797835565023e-6
k__Bacteria;p__Bacteroidetes;c__Bacteroidia;o__Bacteroidales;f__Bacteroidaceae;g__Bacteroides;__,k__Bacteria,p__Bacteroidetes,c__Bacteroidia,o__Bacteroidales,f__Bacteroidaceae,g__Bacteroides,__,V37,37,0.6750524417458197,0.5,20.309407106025578,0.5,0.021496540612282674
k__Bacteria;p__Bacteroidetes;c__Bacteroidia;o__Bacteroidales;f__Bacteroidaceae;g__Bacteroides;s__,k__Bacteria,p__Bacteroidetes,c__Bacteroidia,o__Bacteroidales,f__Bacteroidaceae,g__Bacteroides,s__,V38,38,0.3994538138260209,0.5,10.754631238114621,0.5,2.5776811333130262e-5
k__Bacteria;p__Bacteroidetes;c__Bacteroidia;o__Bacteroidales;f__Bacteroidaceae;g__Bacteroides;s__acidifaciens,k__Bacteria,p__Bacteroidetes,c__Bacteroidia,o__Bacteroidales,f__Bacteroidaceae,g__Bacteroides,s__acidifaciens,V39,39,0.6985272155067154,0.5,21.321643596069457,0.5,0.013789817804516609
k__Bacteria;p__Bacteroidetes;c__Bacteroidia;o__Bacteroidales;f__Bacteroidaceae;g__Bacteroides;s__caccae,k__Bacteria,p__Bacteroidetes,c__Bacteroidia,o__Bacteroidales,f__Bacteroidaceae,g__Bacteroides,s__caccae,V40,40,0.9991658243939117,0.5,37.28171611049831,0.5,1.0032840684156482e-6
k__Bacteria;p__Bacteroidetes;c__Bacteroidia;o__Bacteroidales;f__Bacteroidaceae;g__Bacteroides;s__fragilis,k__Bacteria,p__Bacteroidetes,c__Bacteroidia,o__Bacteroidales,f__Bacteroidaceae,g__Bacteroides,s__fragilis,V41,41,0.8006278551051962,0.5,32.313949813026795,0.5,1.9884889275174332e-6
k__Bacteria;p__Bacteroidetes;c__Bacteroidia;o__Bacteroidales;f__Bacteroidaceae;g__Bacteroides;s__ovatus,k__Bacteria,p__Bacteroidetes,c__Bacteroidia,o__Bacteroidales,f__Bacteroidaceae,g__Bacteroides,s__ovatus,V42,42,0.8546763368563546,0.5,62.79562651678221,0.5,0.013742575760807485
k__Bacteria;p__Bacteroidetes;c__Bacteroidia;o__Bacteroidales;f__Bacteroidaceae;g__Bacteroides;s__uniformis,k__Bacteria,p__Bacteroidetes,c__Bacteroidia,o__Bacteroidales,f__Bacteroidaceae,g__Bacteroides,s__uniformis,V43,43,0.504870035158247,0.5,18.739534063829936,0.5,7.1373859575971805e-6
k__Bacteria;p__Bacteroidetes;c__Bacteroidia;o__Bacteroidales;f__Porphyromonadaceae;g__Parabacteroides;__,k__Bacteria,p__Bacteroidetes,c__Bacteroidia,o__Bacteroidales,f__Porphyromonadaceae,g__Parabacteroides,__,V44,44,0.6368047392739685,0.5,33.94305261629993,0.5,0.0010749074011073094
k__Bacteria;p__Bacteroidetes;c__Bacteroidia;o__Bacteroidales;f__Porphyromonadaceae;g__Parabacteroides;s__distasonis,k__Bacteria,p__Bacteroidetes,c__Bacteroidia,o__Bacteroidales,f__Porphyromonadaceae,g__Parabacteroides,s__distasonis,V45,45,0.6373215826420129,0.5,24.726974736332007,0.5,0.004044060028438247
k__Bacteria;p__Bacteroidetes;c__Bacteroidia;o__Bacteroidales;f__Prevotellaceae;g__Prevotella;s__,k__Bacteria,p__Bacteroidetes,c__Bacteroidia,o__Bacteroidales,f__Prevotellaceae,g__Prevotella,s__,V46,46,0.6694545708863003,0.5,74.74846503254899,0.5,0.006418961194219272
k__Bacteria;p__Bacteroidetes;c__Bacteroidia;o__Bacteroidales;f__Rikenellaceae;__;__,k__Bacteria,p__Bacteroidetes,c__Bacteroidia,o__Bacteroidales,f__Rikenellaceae,__,__,V47,47,0.8074353628635433,0.5,29.587448842945896,0.5,1.8023226032243196e-6
k__Bacteria;p__Bacteroidetes;c__Bacteroidia;o__Bacteroidales;f__Rikenellaceae;g__;s__,k__Bacteria,p__Bacteroidetes,c__Bacteroidia,o__Bacteroidales,f__Rikenellaceae,g__,s__,V48,48,0.8934039376511784,0.5,36.82921488979171,0.5,0.04224036349492307
k__Bacteria;p__Bacteroidetes;c__Bacteroidia;o__Bacteroidales;f__Rikenellaceae;g__AF12;s__,k__Bacteria,p__Bacteroidetes,c__Bacteroidia,o__Bacteroidales,f__Rikenellaceae,g__AF12,s__,V49,49,0.673556922805523,0.5,27.6542442078608,0.5,0.016467387093366672
k__Bacteria;p__Bacteroidetes;c__Bacteroidia;o__Bacteroidales;f__Rikenellaceae;g__Alistipes;__,k__Bacteria,p__Bacteroidetes,c__Bacteroidia,o__Bacteroidales,f__Rikenellaceae,g__Alistipes,__,V50,50,0.8238939361393972,0.5,352.88880847238,0.5,0.001532346663094751
k__Bacteria;p__Bacteroidetes;c__Bacteroidia;o__Bacteroidales;f__Rikenellaceae;g__Alistipes;s__finegoldii,k__Bacteria,p__Bacteroidetes,c__Bacteroidia,o__Bacteroidales,f__Rikenellaceae,g__Alistipes,s__finegoldii,V51,51,0.625682792081311,0.5,26.939771307380077,0.5,5.9356191801054066e-6
k__Bacteria;p__Bacteroidetes;c__Bacteroidia;o__Bacteroidales;f__Rikenellaceae;g__Alistipes;s__indistinctus,k__Bacteria,p__Bacteroidetes,c__Bacteroidia,o__Bacteroidales,f__Rikenellaceae,g__Alistipes,s__indistinctus,V52,52,0.8299216863079356,0.5,206.42405298369457,0.5,7.905918645567528e-5
k__Bacteria;p__Bacteroidetes;c__Bacteroidia;o__Bacteroidales;f__S24-7;g__;s__,k__Bacteria,p__Bacteroidetes,c__Bacteroidia,o__Bacteroidales,f__S24-7,g__,s__,V53,53,0.9828644902027507,0.5,35.005111753889594,0.5,0.2207008411034104
k__Bacteria;p__Bacteroidetes;c__Bacteroidia;o__Bacteroidales;f__[Odoribacteraceae];g__Odoribacter;s__,k__Bacteria,p__Bacteroidetes,c__Bacteroidia,o__Bacteroidales,f__[Odoribacteraceae],g__Odoribacter,s__,V54,54,0.7465861421490518,0.5,22.155993082357195,0.5,0.035893373197755915
k__Bacteria;p__Bacteroidetes;c__Bacteroidia;o__Bacteroidales;f__[Paraprevotellaceae];g__[Prevotella];s__,k__Bacteria,p__Bacteroidetes,c__Bacteroidia,o__Bacteroidales,f__[Paraprevotellaceae],g__[Prevotella],s__,V55,55,0.5360685564317679,0.5,34.34623624859591,0.5,0.003990322446625007
k__Bacteria;p__Bacteroidetes;c__Cytophagia;o__Cytophagales;f__Cyclobacteriaceae;g__;s__,k__Bacteria,p__Bacteroidetes,c__Cytophagia,o__Cytophagales,f__Cyclobacteriaceae,g__,s__,V56,56,0.9929424569372103,0.5,36.279407288132106,0.5,1.1133239540303753e-6
k__Bacteria;p__Bacteroidetes;c__Cytophagia;o__Cytophagales;f__Cyclobacteriaceae;g__Algoriphagus;__,k__Bacteria,p__Bacteroidetes,c__Cytophagia,o__Cytophagales,f__Cyclobacteriaceae,g__Algoriphagus,__,V57,57,0.958970723676963,0.5,34.59303477061327,0.5,1.3591298783049524e-6
k__Bacteria;p__Bacteroidetes;c__Cytophagia;o__Cytophagales;f__Cytophagaceae;g__Dyadobacter;s__,k__Bacteria,p__Bacteroidetes,c__Cytophagia,o__Cytophagales,f__Cytophagaceae,g__Dyadobacter,s__,V58,58,0.8458287252833345,0.5,30.784314644081874,0.5,3.202674310364281e-6
k__Bacteria;p__Bacteroidetes;c__Cytophagia;o__Cytophagales;f__Cytophagaceae;g__Hymenobacter;s__,k__Bacteria,p__Bacteroidetes,c__Cytophagia,o__Cytophagales,f__Cytophagaceae,g__Hymenobacter,s__,V59,59,0.9656598190254194,0.5,35.31555815698661,0.5,1.1144547994366691e-6
k__Bacteria;p__Bacteroidetes;c__Cytophagia;o__Cytophagales;f__Flammeovirgaceae;g__;s__,k__Bacteria,p__Bacteroidetes,c__Cytophagia,o__Cytophagales,f__Flammeovirgaceae,g__,s__,V60,60,0.9991658243939117,0.5,37.28171611049831,0.5,1.0032840684156482e-6
k__Bacteria;p__Bacteroidetes;c__Flavobacteriia;o__Flavobacteriales;f__Flavobacteriaceae;g__Flavobacterium;s__,k__Bacteria,p__Bacteroidetes,c__Flavobacteriia,o__Flavobacteriales,f__Flavobacteriaceae,g__Flavobacterium,s__,V61,61,0.9263887434236107,0.5,33.416456700338586,0.5,1.6663872836481737e-6
k__Bacteria;p__Bacteroidetes;c__Flavobacteriia;o__Flavobacteriales;f__[Weeksellaceae];g__Chryseobacterium;s__,k__Bacteria,p__Bacteroidetes,c__Flavobacteriia,o__Flavobacteriales,f__[Weeksellaceae],g__Chryseobacterium,s__,V62,62,0.9991658243939117,0.5,37.28171611049831,0.5,1.0032840684156482e-6
k__Bacteria;p__Bacteroidetes;c__Sphingobacteriia;o__Sphingobacteriales;f__Sphingobacteriaceae;__;__,k__Bacteria,p__Bacteroidetes,c__Sphingobacteriia,o__Sphingobacteriales,f__Sphingobacteriaceae,__,__,V63,63,0.938093225350184,0.5,33.82190093112804,0.5,1.5434843215108853e-6
k__Bacteria;p__Bacteroidetes;c__Sphingobacteriia;o__Sphingobacteriales;f__Sphingobacteriaceae;g__;s__,k__Bacteria,p__Bacteroidetes,c__Sphingobacteriia,o__Sphingobacteriales,f__Sphingobacteriaceae,g__,s__,V64,64,0.9929424569372103,0.5,36.279407288132106,0.5,1.1133239540303753e-6
k__Bacteria;p__Bacteroidetes;c__Sphingobacteriia;o__Sphingobacteriales;f__Sphingobacteriaceae;g__Pedobacter;__,k__Bacteria,p__Bacteroidetes,c__Sphingobacteriia,o__Sphingobacteriales,f__Sphingobacteriaceae,g__Pedobacter,__,V65,65,0.8422424720802191,0.5,29.761604362297543,0.5,2.558887607366546e-6
k__Bacteria;p__Bacteroidetes;c__[Saprospirae];o__[Saprospirales];f__Chitinophagaceae;g__;s__,k__Bacteria,p__Bacteroidetes,c__[Saprospirae],o__[Saprospirales],f__Chitinophagaceae,g__,s__,V66,66,0.9929424569372101,0.5,36.279407288132106,0.5,1.1133239540303753e-6
k__Bacteria;p__Chloroflexi;c__C0119;o__;f__;g__;s__,k__Bacteria,p__Chloroflexi,c__C0119,o__,f__,g__,s__,V67,67,0.9991658243939116,0.5,37.28171611049831,0.5,1.0032840684156482e-6
k__Bacteria;p__Cyanobacteria;c__4C0d-2;o__YS2;f__;g__;s__,k__Bacteria,p__Cyanobacteria,c__4C0d-2,o__YS2,f__,g__,s__,V68,68,0.6775568783261464,0.5,55.33854259086576,0.5,2.1496489701929288e-4
k__Bacteria;p__Cyanobacteria;c__Chloroplast;o__Streptophyta;f__;g__;s__,k__Bacteria,p__Cyanobacteria,c__Chloroplast,o__Streptophyta,f__,g__,s__,V69,69,0.9991658243939117,0.5,37.28171611049831,0.5,1.0032840684156482e-6
k__Bacteria;p__Cyanobacteria;c__Nostocophycideae;o__Nostocales;f__Nostocaceae;__;__,k__Bacteria,p__Cyanobacteria,c__Nostocophycideae,o__Nostocales,f__Nostocaceae,__,__,V70,70,0.6291952781221405,0.5,25.238258407390532,0.5,1.4595284605043988e-5
k__Bacteria;p__Cyanobacteria;c__Oscillatoriophycideae;o__Chroococcales;f__;g__;s__,k__Bacteria,p__Cyanobacteria,c__Oscillatoriophycideae,o__Chroococcales,f__,g__,s__,V71,71,0.8209157262559659,0.5,31.110694820478397,0.5,2.151812083316394e-6
k__Bacteria;p__Deferribacteres;c__Deferribacteres;o__Deferribacterales;f__Deferribacteraceae;g__Mucispirillum;s__schaedleri,k__Bacteria,p__Deferribacteres,c__Deferribacteres,o__Deferribacterales,f__Deferribacteraceae,g__Mucispirillum,s__schaedleri,V72,72,0.4212680686999026,0.5,7.5216712491223365,0.5,0.012354645029978704
k__Bacteria;p__FBP;c__;o__;f__;g__;s__,k__Bacteria,p__FBP,c__,o__,f__,g__,s__,V73,73,0.9755156402020893,0.5,35.29023529607315,0.5,1.236226916167664e-6
k__Bacteria;p__Firmicutes;__;__;__;__;__,k__Bacteria,p__Firmicutes,__,__,__,__,__,V74,74,0.4641370451440302,0.5,14.658466983593614,0.5,1.2998032838633536e-5
k__Bacteria;p__Firmicutes;c__Bacilli;o__Bacillales;f__Bacillaceae;__;__,k__Bacteria,p__Firmicutes,c__Bacilli,o__Bacillales,f__Bacillaceae,__,__,V75,75,0.9991658243939118,0.5,37.28171611049831,0.5,1.0032840684156482e-6
k__Bacteria;p__Firmicutes;c__Bacilli;o__Bacillales;f__Bacillaceae;g__Anaerobacillus;s__,k__Bacteria,p__Firmicutes,c__Bacilli,o__Bacillales,f__Bacillaceae,g__Anaerobacillus,s__,V76,76,0.8343523568388602,0.5,31.66608283058806,0.5,1.632078225468165e-6
k__Bacteria;p__Firmicutes;c__Bacilli;o__Bacillales;f__Bacillaceae;g__Bacillus;__,k__Bacteria,p__Firmicutes,c__Bacilli,o__Bacillales,f__Bacillaceae,g__Bacillus,__,V77,77,0.9991658243939117,0.5,37.28171611049831,0.5,1.0032840684156482e-6
k__Bacteria;p__Firmicutes;c__Bacilli;o__Bacillales;f__Bacillaceae;g__Bacillus;s__clausii,k__Bacteria,p__Firmicutes,c__Bacilli,o__Bacillales,f__Bacillaceae,g__Bacillus,s__clausii,V78,78,0.8745174034858508,0.5,32.59464451992904,0.5,1.5267370233584e-6
k__Bacteria;p__Firmicutes;c__Bacilli;o__Bacillales;f__Listeriaceae;g__Listeria;__,k__Bacteria,p__Firmicutes,c__Bacilli,o__Bacillales,f__Listeriaceae,g__Listeria,__,V79,79,0.9991658243939117,0.5,37.28171611049831,0.5,1.0032840684156482e-6
k__Bacteria;p__Firmicutes;c__Bacilli;o__Bacillales;f__Planococcaceae;__;__,k__Bacteria,p__Firmicutes,c__Bacilli,o__Bacillales,f__Planococcaceae,__,__,V80,80,0.9991658243939117,0.5,37.28171611049831,0.5,1.0032840684156482e-6
k__Bacteria;p__Firmicutes;c__Bacilli;o__Bacillales;f__Staphylococcaceae;g__Staphylococcus;__,k__Bacteria,p__Firmicutes,c__Bacilli,o__Bacillales,f__Staphylococcaceae,g__Staphylococcus,__,V81,81,0.6454486627923294,0.5,37.52165826231382,0.5,2.6834095137245535e-5
k__Bacteria;p__Firmicutes;c__Bacilli;o__Bacillales;f__[Exiguobacteraceae];__;__,k__Bacteria,p__Firmicutes,c__Bacilli,o__Bacillales,f__[Exiguobacteraceae],__,__,V82,82,0.9991658243939117,0.5,37.28171611049831,0.5,1.0032840684156482e-6
k__Bacteria;p__Firmicutes;c__Bacilli;o__Lactobacillales;__;__;__,k__Bacteria,p__Firmicutes,c__Bacilli,o__Lactobacillales,__,__,__,V83,83,0.7694375288530877,0.5,28.743528997370092,0.5,2.1709933011528062e-6
k__Bacteria;p__Firmicutes;c__Bacilli;o__Lactobacillales;f__Enterococcaceae;g__Enterococcus;__,k__Bacteria,p__Firmicutes,c__Bacilli,o__Lactobacillales,f__Enterococcaceae,g__Enterococcus,__,V84,84,0.35328210832991996,0.5,8.212070780190281,0.5,2.066125821302804e-4
k__Bacteria;p__Firmicutes;c__Bacilli;o__Lactobacillales;f__Lactobacillaceae;__;__,k__Bacteria,p__Firmicutes,c__Bacilli,o__Lactobacillales,f__Lactobacillaceae,__,__,V85,85,0.9268427215819061,0.5,32.85797565707641,0.5,1.4995002394750717e-6
k__Bacteria;p__Firmicutes;c__Bacilli;o__Lactobacillales;f__Lactobacillaceae;g__Lactobacillus;__,k__Bacteria,p__Firmicutes,c__Bacilli,o__Lactobacillales,f__Lactobacillaceae,g__Lactobacillus,__,V86,86,0.9493248462107569,0.5,31.721739578409046,0.5,0.10392315597331271
k__Bacteria;p__Firmicutes;c__Bacilli;o__Lactobacillales;f__Lactobacillaceae;g__Lactobacillus;s__,k__Bacteria,p__Firmicutes,c__Bacilli,o__Lactobacillales,f__Lactobacillaceae,g__Lactobacillus,s__,V87,87,0.8769799062798433,0.5,28.471130011805737,0.5,0.1027263247704485
k__Bacteria;p__Firmicutes;c__Bacilli;o__Lactobacillales;f__Lactobacillaceae;g__Lactobacillus;s__reuteri,k__Bacteria,p__Firmicutes,c__Bacilli,o__Lactobacillales,f__Lactobacillaceae,g__Lactobacillus,s__reuteri,V88,88,0.740618710754717,0.5,111.5823308596871,0.5,0.005674533545978836
k__Bacteria;p__Firmicutes;c__Bacilli;o__Lactobacillales;f__Lactobacillaceae;g__Lactobacillus;s__ruminis,k__Bacteria,p__Firmicutes,c__Bacilli,o__Lactobacillales,f__Lactobacillaceae,g__Lactobacillus,s__ruminis,V89,89,0.8389938242480451,0.5,31.938792582917543,0.5,0.008353785538093473
k__Bacteria;p__Firmicutes;c__Bacilli;o__Lactobacillales;f__Streptococcaceae;g__Lactococcus;s__,k__Bacteria,p__Firmicutes,c__Bacilli,o__Lactobacillales,f__Streptococcaceae,g__Lactococcus,s__,V90,90,0.6064843783496459,0.5,21.791879114006303,0.5,4.360885232393068e-6
k__Bacteria;p__Firmicutes;c__Bacilli;o__Lactobacillales;f__Streptococcaceae;g__Streptococcus;__,k__Bacteria,p__Firmicutes,c__Bacilli,o__Lactobacillales,f__Streptococcaceae,g__Streptococcus,__,V91,91,0.6897819899718982,0.5,25.611043425173545,0.5,2.9737132985986627e-6
k__Bacteria;p__Firmicutes;c__Bacilli;o__Lactobacillales;f__Streptococcaceae;g__Streptococcus;s__,k__Bacteria,p__Firmicutes,c__Bacilli,o__Lactobacillales,f__Streptococcaceae,g__Streptococcus,s__,V92,92,0.5606961285497609,0.5,26.954186123219596,0.5,7.138831282414533e-5
k__Bacteria;p__Firmicutes;c__Bacilli;o__Turicibacterales;f__Turicibacteraceae;g__Turicibacter;s__,k__Bacteria,p__Firmicutes,c__Bacilli,o__Turicibacterales,f__Turicibacteraceae,g__Turicibacter,s__,V93,93,0.4197982488256666,0.5,10.380319549298694,0.5,3.27955551636729e-4
k__Bacteria;p__Firmicutes;c__Clostridia;__;__;__;__,k__Bacteria,p__Firmicutes,c__Clostridia,__,__,__,__,V94,94,0.7475529780539596,0.5,26.780358526054584,0.5,2.7594114180256053e-6
k__Bacteria;p__Firmicutes;c__Clostridia;o__Clostridiales;__;__;__,k__Bacteria,p__Firmicutes,c__Clostridia,o__Clostridiales,__,__,__,V95,95,0.8829958982026682,0.5,28.31032882932582,0.5,0.03581643572928371
k__Bacteria;p__Firmicutes;c__Clostridia;o__Clostridiales;f__;g__;s__,k__Bacteria,p__Firmicutes,c__Clostridia,o__Clostridiales,f__,g__,s__,V96,96,0.8347835579804145,0.5,40.917441812581345,0.5,0.02190892139752725
k__Bacteria;p__Firmicutes;c__Clostridia;o__Clostridiales;f__Christensenellaceae;g__;s__,k__Bacteria,p__Firmicutes,c__Clostridia,o__Clostridiales,f__Christensenellaceae,g__,s__,V97,97,0.6144378646890571,0.5,25.61094746064116,0.5,1.2625744190660974e-5
k__Bacteria;p__Firmicutes;c__Clostridia;o__Clostridiales;f__Christensenellaceae;g__Christensenella;s__,k__Bacteria,p__Firmicutes,c__Clostridia,o__Clostridiales,f__Christensenellaceae,g__Christensenella,s__,V98,98,0.7107824572213117,0.5,38.55451248733811,0.5,5.285959369809822e-6
k__Bacteria;p__Firmicutes;c__Clostridia;o__Clostridiales;f__Clostridiaceae;__;__,k__Bacteria,p__Firmicutes,c__Clostridia,o__Clostridiales,f__Clostridiaceae,__,__,V99,99,0.4810878053367262,0.5,16.14285399984123,0.5,1.4347731746295578e-4
k__Bacteria;p__Firmicutes;c__Clostridia;o__Clostridiales;f__Clostridiaceae;g__;s__,k__Bacteria,p__Firmicutes,c__Clostridia,o__Clostridiales,f__Clostridiaceae,g__,s__,V100,100,0.9538967033487914,0.5,34.08505659754839,0.5,1.229742111672085e-6
k__Bacteria;p__Firmicutes;c__Clostridia;o__Clostridiales;f__Clostridiaceae;g__Candidatus Arthromitus;s__,k__Bacteria,p__Firmicutes,c__Clostridia,o__Clostridiales,f__Clostridiaceae,g__Candidatus Arthromitus,s__,V101,101,0.5539198597525602,0.5,33.261787097418505,0.5,0.004627192821279015
k__Bacteria;p__Firmicutes;c__Clostridia;o__Clostridiales;f__Clostridiaceae;g__Clostridium;__,k__Bacteria,p__Firmicutes,c__Clostridia,o__Clostridiales,f__Clostridiaceae,g__Clostridium,__,V102,102,0.42715385035311765,0.5,12.04039332736547,0.5,1.5021914475378518e-4
k__Bacteria;p__Firmicutes;c__Clostridia;o__Clostridiales;f__Clostridiaceae;g__Clostridium;s__,k__Bacteria,p__Firmicutes,c__Clostridia,o__Clostridiales,f__Clostridiaceae,g__Clostridium,s__,V103,103,0.5500224103609069,0.5,18.845268504240188,0.5,9.465413634635973e-6
k__Bacteria;p__Firmicutes;c__Clostridia;o__Clostridiales;f__Clostridiaceae;g__Clostridium;s__butyricum,k__Bacteria,p__Firmicutes,c__Clostridia,o__Clostridiales,f__Clostridiaceae,g__Clostridium,s__butyricum,V104,104,0.5144468802311105,0.5,17.16856813610389,0.5,8.787278704187703e-6
k__Bacteria;p__Firmicutes;c__Clostridia;o__Clostridiales;f__Clostridiaceae;g__Clostridium;s__celatum,k__Bacteria,p__Firmicutes,c__Clostridia,o__Clostridiales,f__Clostridiaceae,g__Clostridium,s__celatum,V105,105,0.4126571373401336,0.5,12.77540720117689,0.5,1.7736337171085313e-5
k__Bacteria;p__Firmicutes;c__Clostridia;o__Clostridiales;f__Clostridiaceae;g__Clostridium;s__neonatale,k__Bacteria,p__Firmicutes,c__Clostridia,o__Clostridiales,f__Clostridiaceae,g__Clostridium,s__neonatale,V106,106,0.5970602321441119,0.5,21.956897775929658,0.5,4.135017703745649e-6
k__Bacteria;p__Firmicutes;c__Clostridia;o__Clostridiales;f__Clostridiaceae;g__Clostridium;s__paraputrificum,k__Bacteria,p__Firmicutes,c__Clostridia,o__Clostridiales,f__Clostridiaceae,g__Clostridium,s__paraputrificum,V107,107,0.5252318971497751,0.5,19.48659548290331,0.5,6.794583270094806e-6
k__Bacteria;p__Firmicutes;c__Clostridia;o__Clostridiales;f__Clostridiaceae;g__Clostridium;s__perfringens,k__Bacteria,p__Firmicutes,c__Clostridia,o__Clostridiales,f__Clostridiaceae,g__Clostridium,s__perfringens,V108,108,0.5090785815456859,0.5,16.787192212533167,0.5,7.710596101995409e-6
k__Bacteria;p__Firmicutes;c__Clostridia;o__Clostridiales;f__Clostridiaceae;g__SMB53;s__,k__Bacteria,p__Firmicutes,c__Clostridia,o__Clostridiales,f__Clostridiaceae,g__SMB53,s__,V109,109,0.9991658243939117,0.5,37.281716110498316,0.5,1.0032840684156482e-6
k__Bacteria;p__Firmicutes;c__Clostridia;o__Clostridiales;f__Dehalobacteriaceae;g__Dehalobacterium;s__,k__Bacteria,p__Firmicutes,c__Clostridia,o__Clostridiales,f__Dehalobacteriaceae,g__Dehalobacterium,s__,V110,110,0.6729176825213359,0.5,19.389095580383447,0.5,9.639116273032961e-4
k__Bacteria;p__Firmicutes;c__Clostridia;o__Clostridiales;f__Eubacteriaceae;g__Anaerofustis;s__,k__Bacteria,p__Firmicutes,c__Clostridia,o__Clostridiales,f__Eubacteriaceae,g__Anaerofustis,s__,V111,111,0.7742917202782799,0.5,79.30984828835996,0.5,2.611940952806671e-5
k__Bacteria;p__Firmicutes;c__Clostridia;o__Clostridiales;f__Lachnospiraceae;__;__,k__Bacteria,p__Firmicutes,c__Clostridia,o__Clostridiales,f__Lachnospiraceae,__,__,V112,112,0.8337989539920959,0.5,27.075882824003735,0.5,0.02029706955222817
k__Bacteria;p__Firmicutes;c__Clostridia;o__Clostridiales;f__Lachnospiraceae;g__;s__,k__Bacteria,p__Firmicutes,c__Clostridia,o__Clostridiales,f__Lachnospiraceae,g__,s__,V113,113,0.8334290001977246,0.5,467.08104783593757,0.5,0.0010770595160573139
k__Bacteria;p__Firmicutes;c__Clostridia;o__Clostridiales;f__Lachnospiraceae;g__Anaerostipes;s__,k__Bacteria,p__Firmicutes,c__Clostridia,o__Clostridiales,f__Lachnospiraceae,g__Anaerostipes,s__,V114,114,0.34372912740687916,0.5,5.2196524926811225,0.5,0.0014062775479157458
k__Bacteria;p__Firmicutes;c__Clostridia;o__Clostridiales;f__Lachnospiraceae;g__Blautia;__,k__Bacteria,p__Firmicutes,c__Clostridia,o__Clostridiales,f__Lachnospiraceae,g__Blautia,__,V115,115,0.5063398509572218,0.5,20.01260738921294,0.5,2.7889083338916276e-4
k__Bacteria;p__Firmicutes;c__Clostridia;o__Clostridiales;f__Lachnospiraceae;g__Butyrivibrio;s__,k__Bacteria,p__Firmicutes,c__Clostridia,o__Clostridiales,f__Lachnospiraceae,g__Butyrivibrio,s__,V116,116,0.7541377798522975,0.5,29.160620715553875,0.5,3.4665894602097e-6
k__Bacteria;p__Firmicutes;c__Clostridia;o__Clostridiales;f__Lachnospiraceae;g__Clostridium;__,k__Bacteria,p__Firmicutes,c__Clostridia,o__Clostridiales,f__Lachnospiraceae,g__Clostridium,__,V117,117,0.554564998606133,0.5,25.132588190732953,0.5,1.0132696295779804e-4
k__Bacteria;p__Firmicutes;c__Clostridia;o__Clostridiales;f__Lachnospiraceae;g__Clostridium;s__citroniae,k__Bacteria,p__Firmicutes,c__Clostridia,o__Clostridiales,f__Lachnospiraceae,g__Clostridium,s__citroniae,V118,118,0.740366273484177,0.5,26.927021153687548,0.5,2.2332702676006714e-6
k__Bacteria;p__Firmicutes;c__Clostridia;o__Clostridiales;f__Lachnospiraceae;g__Clostridium;s__symbiosum,k__Bacteria,p__Firmicutes,c__Clostridia,o__Clostridiales,f__Lachnospiraceae,g__Clostridium,s__symbiosum,V119,119,0.7388277760375783,0.5,30.33467090453775,0.5,2.3404835183849994e-6
k__Bacteria;p__Firmicutes;c__Clostridia;o__Clostridiales;f__Lachnospiraceae;g__Coprococcus;s__,k__Bacteria,p__Firmicutes,c__Clostridia,o__Clostridiales,f__Lachnospiraceae,g__Coprococcus,s__,V120,120,0.5756226694674005,0.5,15.465091976255787,0.5,0.0050246273097672356
k__Bacteria;p__Firmicutes;c__Clostridia;o__Clostridiales;f__Lachnospiraceae;g__Dorea;__,k__Bacteria,p__Firmicutes,c__Clostridia,o__Clostridiales,f__Lachnospiraceae,g__Dorea,__,V121,121,0.8220303657476914,0.5,306.4587516744473,0.5,4.080623740141678e-4
k__Bacteria;p__Firmicutes;c__Clostridia;o__Clostridiales;f__Lachnospiraceae;g__Dorea;s__,k__Bacteria,p__Firmicutes,c__Clostridia,o__Clostridiales,f__Lachnospiraceae,g__Dorea,s__,V122,122,0.5354381978626658,0.5,24.523678811957225,0.5,1.7887023635556115e-4
k__Bacteria;p__Firmicutes;c__Clostridia;o__Clostridiales;f__Lachnospiraceae;g__Epulopiscium;s__,k__Bacteria,p__Firmicutes,c__Clostridia,o__Clostridiales,f__Lachnospiraceae,g__Epulopiscium,s__,V123,123,0.4763273725057514,0.5,14.43214676840654,0.5,8.802431695311417e-6
k__Bacteria;p__Firmicutes;c__Clostridia;o__Clostridiales;f__Lachnospiraceae;g__Roseburia;__,k__Bacteria,p__Firmicutes,c__Clostridia,o__Clostridiales,f__Lachnospiraceae,g__Roseburia,__,V124,124,0.4177397618508701,0.5,10.482531350970849,0.5,0.002041447722941672
k__Bacteria;p__Firmicutes;c__Clostridia;o__Clostridiales;f__Lachnospiraceae;g__Roseburia;s__,k__Bacteria,p__Firmicutes,c__Clostridia,o__Clostridiales,f__Lachnospiraceae,g__Roseburia,s__,V125,125,0.620876231962238,0.5,37.7460363345616,0.5,8.872970589042986e-5
k__Bacteria;p__Firmicutes;c__Clostridia;o__Clostridiales;f__Lachnospiraceae;g__[Ruminococcus];s__gnavus,k__Bacteria,p__Firmicutes,c__Clostridia,o__Clostridiales,f__Lachnospiraceae,g__[Ruminococcus],s__gnavus,V126,126,0.8791586322184326,0.5,28.361922716631582,0.5,0.006671183187067153
k__Bacteria;p__Firmicutes;c__Clostridia;o__Clostridiales;f__Peptococcaceae;g__;s__,k__Bacteria,p__Firmicutes,c__Clostridia,o__Clostridiales,f__Peptococcaceae,g__,s__,V127,127,0.504541571577376,0.5,17.350095774347867,0.5,3.099351997377096e-5
k__Bacteria;p__Firmicutes;c__Clostridia;o__Clostridiales;f__Peptococcaceae;g__Desulfotomaculum;s__,k__Bacteria,p__Firmicutes,c__Clostridia,o__Clostridiales,f__Peptococcaceae,g__Desulfotomaculum,s__,V128,128,0.9991658243939117,0.5,37.281716110498316,0.5,1.0032840684156482e-6
k__Bacteria;p__Firmicutes;c__Clostridia;o__Clostridiales;f__Peptococcaceae;g__rc4-4;s__,k__Bacteria,p__Firmicutes,c__Clostridia,o__Clostridiales,f__Peptococcaceae,g__rc4-4,s__,V129,129,0.9475430161454361,0.5,34.817631010125424,0.5,1.1642182012792694e-6
k__Bacteria;p__Firmicutes;c__Clostridia;o__Clostridiales;f__Peptostreptococcaceae;__;__,k__Bacteria,p__Firmicutes,c__Clostridia,o__Clostridiales,f__Peptostreptococcaceae,__,__,V130,130,0.6070679239717771,0.5,22.003904427933065,0.5,4.390328213108909e-6
k__Bacteria;p__Firmicutes;c__Clostridia;o__Clostridiales;f__Peptostreptococcaceae;g__;s__,k__Bacteria,p__Firmicutes,c__Clostridia,o__Clostridiales,f__Peptostreptococcaceae,g__,s__,V131,131,0.5541620926036949,0.5,19.40619492188595,0.5,5.243687521895104e-6
k__Bacteria;p__Firmicutes;c__Clostridia;o__Clostridiales;f__Ruminococcaceae;__;__,k__Bacteria,p__Firmicutes,c__Clostridia,o__Clostridiales,f__Ruminococcaceae,__,__,V132,132,0.799635561647083,0.5,23.45524063307579,0.5,0.006387974477147733
k__Bacteria;p__Firmicutes;c__Clostridia;o__Clostridiales;f__Ruminococcaceae;g__;s__,k__Bacteria,p__Firmicutes,c__Clostridia,o__Clostridiales,f__Ruminococcaceae,g__,s__,V133,133,0.6375766865519842,0.5,38.7833825604541,0.5,0.0012692827433125851
k__Bacteria;p__Firmicutes;c__Clostridia;o__Clostridiales;f__Ruminococcaceae;g__Anaerotruncus;s__,k__Bacteria,p__Firmicutes,c__Clostridia,o__Clostridiales,f__Ruminococcaceae,g__Anaerotruncus,s__,V134,134,0.5989498522845257,0.5,29.947260813889137,0.5,1.984629435060579e-5
k__Bacteria;p__Firmicutes;c__Clostridia;o__Clostridiales;f__Ruminococcaceae;g__Butyricicoccus;s__pullicaecorum,k__Bacteria,p__Firmicutes,c__Clostridia,o__Clostridiales,f__Ruminococcaceae,g__Butyricicoccus,s__pullicaecorum,V135,135,0.49749807639608895,0.5,15.808762376677642,0.5,7.857811323674e-5
k__Bacteria;p__Firmicutes;c__Clostridia;o__Clostridiales;f__Ruminococcaceae;g__Clostridium;__,k__Bacteria,p__Firmicutes,c__Clostridia,o__Clostridiales,f__Ruminococcaceae,g__Clostridium,__,V136,136,0.5525212798987054,0.5,18.060080844978984,0.5,1.7954422592668722e-5
k__Bacteria;p__Firmicutes;c__Clostridia;o__Clostridiales;f__Ruminococcaceae;g__Clostridium;s__methylpentosum,k__Bacteria,p__Firmicutes,c__Clostridia,o__Clostridiales,f__Ruminococcaceae,g__Clostridium,s__methylpentosum,V137,137,0.5917144834451249,0.5,34.02998409867711,0.5,2.4188177881763828e-4
k__Bacteria;p__Firmicutes;c__Clostridia;o__Clostridiales;f__Ruminococcaceae;g__Faecalibacterium;s__prausnitzii,k__Bacteria,p__Firmicutes,c__Clostridia,o__Clostridiales,f__Ruminococcaceae,g__Faecalibacterium,s__prausnitzii,V138,138,0.7398611175270111,0.5,25.726148095151217,0.5,2.4121116137806186e-6
k__Bacteria;p__Firmicutes;c__Clostridia;o__Clostridiales;f__Ruminococcaceae;g__Oscillospira;__,k__Bacteria,p__Firmicutes,c__Clostridia,o__Clostridiales,f__Ruminococcaceae,g__Oscillospira,__,V139,139,0.674098065019463,0.5,27.374596241672577,0.5,0.0017735576065590008
k__Bacteria;p__Firmicutes;c__Clostridia;o__Clostridiales;f__Ruminococcaceae;g__Oscillospira;s__,k__Bacteria,p__Firmicutes,c__Clostridia,o__Clostridiales,f__Ruminococcaceae,g__Oscillospira,s__,V140,140,0.7615262917842407,0.5,27.63310277185049,0.5,0.010220297025864489
k__Bacteria;p__Firmicutes;c__Clostridia;o__Clostridiales;f__Ruminococcaceae;g__Ruminococcus;__,k__Bacteria,p__Firmicutes,c__Clostridia,o__Clostridiales,f__Ruminococcaceae,g__Ruminococcus,__,V141,141,0.5655282710728937,0.5,31.310131950405324,0.5,3.042670210765936e-4
k__Bacteria;p__Firmicutes;c__Clostridia;o__Clostridiales;f__Ruminococcaceae;g__Ruminococcus;s__,k__Bacteria,p__Firmicutes,c__Clostridia,o__Clostridiales,f__Ruminococcaceae,g__Ruminococcus,s__,V142,142,0.6635715117547762,0.5,20.892968036973237,0.5,0.0030298857305828676
k__Bacteria;p__Firmicutes;c__Clostridia;o__Clostridiales;f__Ruminococcaceae;g__Ruminococcus;s__flavefaciens,k__Bacteria,p__Firmicutes,c__Clostridia,o__Clostridiales,f__Ruminococcaceae,g__Ruminococcus,s__flavefaciens,V143,143,0.507565276991869,0.5,22.750964641844902,0.5,6.245546237474452e-4
k__Bacteria;p__Firmicutes;c__Clostridia;o__Clostridiales;f__Veillonellaceae;g__Dialister;s__,k__Bacteria,p__Firmicutes,c__Clostridia,o__Clostridiales,f__Veillonellaceae,g__Dialister,s__,V144,144,0.9991658243939117,0.5,37.28171611049831,0.5,1.0032840684156482e-6
k__Bacteria;p__Firmicutes;c__Clostridia;o__Clostridiales;f__Veillonellaceae;g__Phascolarctobacterium;s__,k__Bacteria,p__Firmicutes,c__Clostridia,o__Clostridiales,f__Veillonellaceae,g__Phascolarctobacterium,s__,V145,145,0.9695580916603241,0.5,35.524889884104056,0.5,1.1088469326046253e-6
k__Bacteria;p__Firmicutes;c__Clostridia;o__Clostridiales;f__Veillonellaceae;g__Veillonella;s__dispar,k__Bacteria,p__Firmicutes,c__Clostridia,o__Clostridiales,f__Veillonellaceae,g__Veillonella,s__dispar,V146,146,0.7135766143163451,0.5,25.531095323841015,0.5,2.656327518295072e-6
k__Bacteria;p__Firmicutes;c__Clostridia;o__Clostridiales;f__Veillonellaceae;g__Veillonella;s__parvula,k__Bacteria,p__Firmicutes,c__Clostridia,o__Clostridiales,f__Veillonellaceae,g__Veillonella,s__parvula,V147,147,0.8993824063993581,0.5,32.50772970692672,0.5,1.4017258954650335e-6
k__Bacteria;p__Firmicutes;c__Clostridia;o__Clostridiales;f__[Mogibacteriaceae];g__;s__,k__Bacteria,p__Firmicutes,c__Clostridia,o__Clostridiales,f__[Mogibacteriaceae],g__,s__,V148,148,0.704738768409065,0.5,47.11849819060439,0.5,0.0024260166521722923
k__Bacteria;p__Firmicutes;c__Clostridia;o__Clostridiales;f__[Mogibacteriaceae];g__Anaerovorax;s__,k__Bacteria,p__Firmicutes,c__Clostridia,o__Clostridiales,f__[Mogibacteriaceae],g__Anaerovorax,s__,V149,149,0.383585962003436,0.5,8.475995423987662,0.5,5.3456685183771284e-5
k__Bacteria;p__Firmicutes;c__Erysipelotrichi;o__Erysipelotrichales;f__Erysipelotrichaceae;__;__,k__Bacteria,p__Firmicutes,c__Erysipelotrichi,o__Erysipelotrichales,f__Erysipelotrichaceae,__,__,V150,150,0.43024348983720206,0.5,6.289309964662662,0.5,0.005237231633285223
k__Bacteria;p__Firmicutes;c__Erysipelotrichi;o__Erysipelotrichales;f__Erysipelotrichaceae;g__;s__,k__Bacteria,p__Firmicutes,c__Erysipelotrichi,o__Erysipelotrichales,f__Erysipelotrichaceae,g__,s__,V151,151,0.5754484656256245,0.5,25.89427625313953,0.5,0.0015630257698919
k__Bacteria;p__Firmicutes;c__Erysipelotrichi;o__Erysipelotrichales;f__Erysipelotrichaceae;g__Allobaculum;s__,k__Bacteria,p__Firmicutes,c__Erysipelotrichi,o__Erysipelotrichales,f__Erysipelotrichaceae,g__Allobaculum,s__,V152,152,0.5537667226659014,0.5,14.718233633627184,0.5,0.04690490022492085
k__Bacteria;p__Firmicutes;c__Erysipelotrichi;o__Erysipelotrichales;f__Erysipelotrichaceae;g__Clostridium;s__cocleatum,k__Bacteria,p__Firmicutes,c__Erysipelotrichi,o__Erysipelotrichales,f__Erysipelotrichaceae,g__Clostridium,s__cocleatum,V153,153,0.5242276731569058,0.5,28.14113530810736,0.5,2.4300200691810582e-4
k__Bacteria;p__Firmicutes;c__Erysipelotrichi;o__Erysipelotrichales;f__Erysipelotrichaceae;g__Coprobacillus;s__,k__Bacteria,p__Firmicutes,c__Erysipelotrichi,o__Erysipelotrichales,f__Erysipelotrichaceae,g__Coprobacillus,s__,V154,154,0.596230542201214,0.5,25.003989981713993,0.5,3.925485152768225e-4
k__Bacteria;p__Fusobacteria;c__Fusobacteriia;o__Fusobacteriales;f__Fusobacteriaceae;g__Fusobacterium;s__,k__Bacteria,p__Fusobacteria,c__Fusobacteriia,o__Fusobacteriales,f__Fusobacteriaceae,g__Fusobacterium,s__,V155,155,0.9991658243939117,0.5,37.28171611049831,0.5,1.0032840684156482e-6
k__Bacteria;p__Gemmatimonadetes;c__Gemm-3;o__;f__;g__;s__,k__Bacteria,p__Gemmatimonadetes,c__Gemm-3,o__,f__,g__,s__,V156,156,0.8926002481107033,0.5,33.27885112883957,0.5,1.3404648017136043e-6
k__Bacteria;p__Gemmatimonadetes;c__Gemmatimonadetes;o__Gemmatimonadales;f__;g__;s__,k__Bacteria,p__Gemmatimonadetes,c__Gemmatimonadetes,o__Gemmatimonadales,f__,g__,s__,V157,157,0.9386932371051107,0.5,34.36035805785734,0.5,1.2392907650563705e-6
k__Bacteria;p__OD1;__;__;__;__;__,k__Bacteria,p__OD1,__,__,__,__,__,V158,158,0.39889262914944357,0.5,9.60579777936855,0.5,1.8952254431984692e-4
k__Bacteria;p__OD1;c__;o__;f__;g__;s__,k__Bacteria,p__OD1,c__,o__,f__,g__,s__,V159,159,0.5473029831393148,0.5,16.758173753764815,0.5,4.797265901255803e-4
k__Bacteria;p__Planctomycetes;c__Planctomycetia;o__Gemmatales;f__Isosphaeraceae;__;__,k__Bacteria,p__Planctomycetes,c__Planctomycetia,o__Gemmatales,f__Isosphaeraceae,__,__,V160,160,0.9991658243939116,0.5,37.28171611049831,0.5,1.0032840684156482e-6
k__Bacteria;p__Proteobacteria;__;__;__;__;__,k__Bacteria,p__Proteobacteria,__,__,__,__,__,V161,161,0.6173721173275153,0.5,20.723387128914617,0.5,4.805075183194272e-6
k__Bacteria;p__Proteobacteria;c__Alphaproteobacteria;__;__;__;__,k__Bacteria,p__Proteobacteria,c__Alphaproteobacteria,__,__,__,__,V162,162,0.9929424569372101,0.5,36.279407288132106,0.5,1.1133239540303753e-6
k__Bacteria;p__Proteobacteria;c__Alphaproteobacteria;o__BD7-3;f__;g__;s__,k__Bacteria,p__Proteobacteria,c__Alphaproteobacteria,o__BD7-3,f__,g__,s__,V163,163,0.984393726175545,0.5,35.73394189514912,0.5,1.1747754350990195e-6
k__Bacteria;p__Proteobacteria;c__Alphaproteobacteria;o__Caulobacterales;f__Caulobacteraceae;g__Brevundimonas;s__,k__Bacteria,p__Proteobacteria,c__Alphaproteobacteria,o__Caulobacterales,f__Caulobacteraceae,g__Brevundimonas,s__,V164,164,0.9160631827815853,0.5,33.06829883269566,0.5,1.7892902457854622e-6
k__Bacteria;p__Proteobacteria;c__Alphaproteobacteria;o__Caulobacterales;f__Caulobacteraceae;g__Caulobacter;s__,k__Bacteria,p__Proteobacteria,c__Alphaproteobacteria,o__Caulobacterales,f__Caulobacteraceae,g__Caulobacter,s__,V165,165,0.9987945148131745,0.5,37.30874908263166,0.5,1.0164791735811803e-6
k__Bacteria;p__Proteobacteria;c__Alphaproteobacteria;o__RF32;f__;g__;s__,k__Bacteria,p__Proteobacteria,c__Alphaproteobacteria,o__RF32,f__,g__,s__,V166,166,0.8112712437419417,0.5,239.55541075870227,0.5,0.0012397873287902166
k__Bacteria;p__Proteobacteria;c__Alphaproteobacteria;o__Rhizobiales;f__Beijerinckiaceae;g__;s__,k__Bacteria,p__Proteobacteria,c__Alphaproteobacteria,o__Rhizobiales,f__Beijerinckiaceae,g__,s__,V167,167,0.8664802904706147,0.5,31.452197331188415,0.5,2.649610980746482e-6
k__Bacteria;p__Proteobacteria;c__Alphaproteobacteria;o__Rhizobiales;f__Bradyrhizobiaceae;g__Balneimonas;s__,k__Bacteria,p__Proteobacteria,c__Alphaproteobacteria,o__Rhizobiales,f__Bradyrhizobiaceae,g__Balneimonas,s__,V168,168,0.9991658243939116,0.5,37.28171611049831,0.5,1.0032840684156482e-6
k__Bacteria;p__Proteobacteria;c__Alphaproteobacteria;o__Rhizobiales;f__Hyphomicrobiaceae;g__Devosia;s__,k__Bacteria,p__Proteobacteria,c__Alphaproteobacteria,o__Rhizobiales,f__Hyphomicrobiaceae,g__Devosia,s__,V169,169,0.8664802904706147,0.5,31.452197331188415,0.5,2.649610980746482e-6
k__Bacteria;p__Proteobacteria;c__Alphaproteobacteria;o__Rhizobiales;f__Methylobacteriaceae;g__Methylobacterium;s__adhaesivum,k__Bacteria,p__Proteobacteria,c__Alphaproteobacteria,o__Rhizobiales,f__Methylobacteriaceae,g__Methylobacterium,s__adhaesivum,V170,170,0.9678256838612647,0.5,35.277502929585424,0.5,1.126946102592144e-6
k__Bacteria;p__Proteobacteria;c__Alphaproteobacteria;o__Rhizobiales;f__Phyllobacteriaceae;g__Aminobacter;s__,k__Bacteria,p__Proteobacteria,c__Alphaproteobacteria,o__Rhizobiales,f__Phyllobacteriaceae,g__Aminobacter,s__,V171,171,0.9669809701387715,0.5,34.91636633233684,0.5,1.2976783972363082e-6
k__Bacteria;p__Proteobacteria;c__Alphaproteobacteria;o__Rhizobiales;f__Rhizobiaceae;g__Agrobacterium;s__,k__Bacteria,p__Proteobacteria,c__Alphaproteobacteria,o__Rhizobiales,f__Rhizobiaceae,g__Agrobacterium,s__,V172,172,0.92638874342361055,0.5,33.416456700338586,0.5,1.6663872836481737e-6
k__Bacteria;p__Proteobacteria;c__Alphaproteobacteria;o__Rhodobacterales;f__Rhodobacteraceae;g__Paracoccus;s__marcusii,k__Bacteria,p__Proteobacteria,c__Alphaproteobacteria,o__Rhodobacterales,f__Rhodobacteraceae,g__Paracoccus,s__marcusii,V173,173,0.9160631827815853,0.5,33.06829883269566,0.5,1.7892902457854622e-6
k__Bacteria;p__Proteobacteria;c__Alphaproteobacteria;o__Rhodospirillales;f__Acetobacteraceae;g__Roseomonas;s__massiliensis,k__Bacteria,p__Proteobacteria,c__Alphaproteobacteria,o__Rhodospirillales,f__Acetobacteraceae,g__Roseomonas,s__massiliensis,V174,174,0.984393726175545,0.5,35.73394189514912,0.5,1.1747754350990195e-6
k__Bacteria;p__Proteobacteria;c__Alphaproteobacteria;o__Rickettsiales;__;__;__,k__Bacteria,p__Proteobacteria,c__Alphaproteobacteria,o__Rickettsiales,__,__,__,V175,175,0.9479878548401159,0.5,34.53740072683848,0.5,1.151990893011193e-6
k__Bacteria;p__Proteobacteria;c__Alphaproteobacteria;o__Rickettsiales;f__mitochondria;__;__,k__Bacteria,p__Proteobacteria,c__Alphaproteobacteria,o__Rickettsiales,f__mitochondria,__,__,V176,176,0.9991658243939116,0.5,37.28171611049831,0.5,1.0032840684156482e-6
k__Bacteria;p__Proteobacteria;c__Alphaproteobacteria;o__Rickettsiales;f__mitochondria;g__;s__,k__Bacteria,p__Proteobacteria,c__Alphaproteobacteria,o__Rickettsiales,f__mitochondria,g__,s__,V177,177,0.5438643910542822,0.5,17.21873310217945,0.5,5.968052055709526e-6
k__Bacteria;p__Proteobacteria;c__Alphaproteobacteria;o__Sphingomonadales;__;__;__,k__Bacteria,p__Proteobacteria,c__Alphaproteobacteria,o__Sphingomonadales,__,__,__,V178,178,0.9068547013145827,0.5,32.76303766828208,0.5,1.912193207922751e-6
k__Bacteria;p__Proteobacteria;c__Alphaproteobacteria;o__Sphingomonadales;f__Erythrobacteraceae;__;__,k__Bacteria,p__Proteobacteria,c__Alphaproteobacteria,o__Sphingomonadales,f__Erythrobacteraceae,__,__,V179,179,0.8458287252833345,0.5,30.784314644081874,0.5,3.202674310364281e-6
k__Bacteria;p__Proteobacteria;c__Alphaproteobacteria;o__Sphingomonadales;f__Erythrobacteraceae;g__;s__,k__Bacteria,p__Proteobacteria,c__Alphaproteobacteria,o__Sphingomonadales,f__Erythrobacteraceae,g__,s__,V180,180,0.9445638335878908,0.5,34.05285067615825,0.5,1.482032840442241e-6
k__Bacteria;p__Proteobacteria;c__Alphaproteobacteria;o__Sphingomonadales;f__Sphingomonadaceae;g__Kaistobacter;s__,k__Bacteria,p__Proteobacteria,c__Alphaproteobacteria,o__Sphingomonadales,f__Sphingomonadaceae,g__Kaistobacter,s__,V181,181,0.9991658243939117,0.5,37.281716110498316,0.5,1.0032840684156482e-6
k__Bacteria;p__Proteobacteria;c__Alphaproteobacteria;o__Sphingomonadales;f__Sphingomonadaceae;g__Novosphingobium;s__,k__Bacteria,p__Proteobacteria,c__Alphaproteobacteria,o__Sphingomonadales,f__Sphingomonadaceae,g__Novosphingobium,s__,V182,182,0.9354982737518304,0.5,34.71268975274794,0.5,1.158366619310289e-6
k__Bacteria;p__Proteobacteria;c__Alphaproteobacteria;o__Sphingomonadales;f__Sphingomonadaceae;g__Sphingomonas;__,k__Bacteria,p__Proteobacteria,c__Alphaproteobacteria,o__Sphingomonadales,f__Sphingomonadaceae,g__Sphingomonas,__,V183,183,0.9737033889191634,0.5,36.10099844583854,0.5,1.0816516412563727e-6
k__Bacteria;p__Proteobacteria;c__Alphaproteobacteria;o__Sphingomonadales;f__Sphingomonadaceae;g__Sphingomonas;s__,k__Bacteria,p__Proteobacteria,c__Alphaproteobacteria,o__Sphingomonadales,f__Sphingomonadaceae,g__Sphingomonas,s__,V184,184,0.9428337478047748,0.5,33.811864728432504,0.5,1.3019301613422896e-6
k__Bacteria;p__Proteobacteria;c__Betaproteobacteria;__;__;__;__,k__Bacteria,p__Proteobacteria,c__Betaproteobacteria,__,__,__,__,V185,185,0.8751805639777989,0.5,31.667019055015388,0.5,1.6322558125895155e-6
k__Bacteria;p__Proteobacteria;c__Betaproteobacteria;o__A21b;f__EB1003;g__;s__,k__Bacteria,p__Proteobacteria,c__Betaproteobacteria,o__A21b,f__EB1003,g__,s__,V186,186,0.9991658243939116,0.5,37.281716110498316,0.5,1.0032840684156482e-6
k__Bacteria;p__Proteobacteria;c__Betaproteobacteria;o__Burkholderiales;f__;g__;s__,k__Bacteria,p__Proteobacteria,c__Betaproteobacteria,o__Burkholderiales,f__,g__,s__,V187,187,0.9610782065735692,0.5,35.07008537683944,0.5,1.1563342815781866e-6
k__Bacteria;p__Proteobacteria;c__Betaproteobacteria;o__Burkholderiales;f__Alcaligenaceae;g__Sutterella;s__,k__Bacteria,p__Proteobacteria,c__Betaproteobacteria,o__Burkholderiales,f__Alcaligenaceae,g__Sutterella,s__,V188,188,0.8642914731849924,0.5,71.93596980593158,0.5,0.015214592416076835
k__Bacteria;p__Proteobacteria;c__Betaproteobacteria;o__Burkholderiales;f__Comamonadaceae;__;__,k__Bacteria,p__Proteobacteria,c__Betaproteobacteria,o__Burkholderiales,f__Comamonadaceae,__,__,V189,189,0.803092790308714,0.5,28.479091559050296,0.5,3.140663168195859e-6
k__Bacteria;p__Proteobacteria;c__Betaproteobacteria;o__Burkholderiales;f__Comamonadaceae;g__Schlegelella;s__,k__Bacteria,p__Proteobacteria,c__Betaproteobacteria,o__Burkholderiales,f__Comamonadaceae,g__Schlegelella,s__,V190,190,0.9991658243939117,0.5,37.28171611049831,0.5,1.0032840684156482e-6
k__Bacteria;p__Proteobacteria;c__Betaproteobacteria;o__Burkholderiales;f__Comamonadaceae;g__Tepidimonas;s__,k__Bacteria,p__Proteobacteria,c__Betaproteobacteria,o__Burkholderiales,f__Comamonadaceae,g__Tepidimonas,s__,V191,191,0.9991658243939117,0.5,37.28171611049831,0.5,1.0032840684156482e-6
k__Bacteria;p__Proteobacteria;c__Betaproteobacteria;o__Burkholderiales;f__Oxalobacteraceae;__;__,k__Bacteria,p__Proteobacteria,c__Betaproteobacteria,o__Burkholderiales,f__Oxalobacteraceae,__,__,V192,192,0.8364083312174938,0.5,29.866406382084644,0.5,2.3356178739293807e-6
k__Bacteria;p__Proteobacteria;c__Betaproteobacteria;o__Burkholderiales;f__Oxalobacteraceae;g__Massilia;__,k__Bacteria,p__Proteobacteria,c__Betaproteobacteria,o__Burkholderiales,f__Oxalobacteraceae,g__Massilia,__,V193,193,0.9385572095517236,0.5,34.34517367164432,0.5,1.269418616943645e-6
k__Bacteria;p__Proteobacteria;c__Betaproteobacteria;o__Burkholderiales;f__Oxalobacteraceae;g__Ralstonia;s__,k__Bacteria,p__Proteobacteria,c__Betaproteobacteria,o__Burkholderiales,f__Oxalobacteraceae,g__Ralstonia,s__,V194,194,0.7818561786313251,0.5,28.245438122374672,0.5,1.839596729806992e-6
k__Bacteria;p__Proteobacteria;c__Betaproteobacteria;o__Methylophilales;f__Methylophilaceae;g__Methylotenera;s__mobilis,k__Bacteria,p__Proteobacteria,c__Betaproteobacteria,o__Methylophilales,f__Methylophilaceae,g__Methylotenera,s__mobilis,V195,195,0.9589707236769632,0.5,34.59303477061328,0.5,1.3591298783049524e-6
k__Bacteria;p__Proteobacteria;c__Deltaproteobacteria;o__Bdellovibrionales;f__Bdellovibrionaceae;g__Bdellovibrio;s__,k__Bacteria,p__Proteobacteria,c__Deltaproteobacteria,o__Bdellovibrionales,f__Bdellovibrionaceae,g__Bdellovibrio,s__,V196,196,0.938693237105111,0.5,34.36035805785734,0.5,1.2392907650563705e-6
k__Bacteria;p__Proteobacteria;c__Deltaproteobacteria;o__Desulfovibrionales;f__Desulfovibrionaceae;g__;s__,k__Bacteria,p__Proteobacteria,c__Deltaproteobacteria,o__Desulfovibrionales,f__Desulfovibrionaceae,g__,s__,V197,197,0.456001286854335,0.5,19.215835036608837,0.5,1.0469113898361523e-4
k__Bacteria;p__Proteobacteria;c__Deltaproteobacteria;o__Desulfovibrionales;f__Desulfovibrionaceae;g__Bilophila;s__,k__Bacteria,p__Proteobacteria,c__Deltaproteobacteria,o__Desulfovibrionales,f__Desulfovibrionaceae,g__Bilophila,s__,V198,198,0.4654777182338715,0.5,12.530914745622702,0.5,4.2407456114549447e-4
k__Bacteria;p__Proteobacteria;c__Deltaproteobacteria;o__Desulfovibrionales;f__Desulfovibrionaceae;g__Desulfovibrio;s__C21_c20,k__Bacteria,p__Proteobacteria,c__Deltaproteobacteria,o__Desulfovibrionales,f__Desulfovibrionaceae,g__Desulfovibrio,s__C21_c20,V199,199,0.6009736174072414,0.5,16.975031080061946,0.5,0.015588744115148908
k__Bacteria;p__Proteobacteria;c__Deltaproteobacteria;o__Myxococcales;__;__;__,k__Bacteria,p__Proteobacteria,c__Deltaproteobacteria,o__Myxococcales,__,__,__,V200,200,0.9991658243939116,0.5,37.28171611049831,0.5,1.0032840684156482e-6
k__Bacteria;p__Proteobacteria;c__Epsilonproteobacteria;o__Campylobacterales;f__Campylobacteraceae;g__Campylobacter;s__,k__Bacteria,p__Proteobacteria,c__Epsilonproteobacteria,o__Campylobacterales,f__Campylobacteraceae,g__Campylobacter,s__,V201,201,0.9991658243939116,0.5,37.28171611049831,0.5,1.0032840684156482e-6
k__Bacteria;p__Proteobacteria;c__Epsilonproteobacteria;o__Campylobacterales;f__Helicobacteraceae;__;__,k__Bacteria,p__Proteobacteria,c__Epsilonproteobacteria,o__Campylobacterales,f__Helicobacteraceae,__,__,V202,202,0.9991658243939116,0.5,37.28171611049831,0.5,1.0032840684156482e-6
k__Bacteria;p__Proteobacteria;c__Epsilonproteobacteria;o__Campylobacterales;f__Helicobacteraceae;g__Helicobacter;__,k__Bacteria,p__Proteobacteria,c__Epsilonproteobacteria,o__Campylobacterales,f__Helicobacteraceae,g__Helicobacter,__,V203,203,0.6470287515647062,0.5,24.94283754433847,0.5,2.9717698301409002e-6
k__Bacteria;p__Proteobacteria;c__Epsilonproteobacteria;o__Campylobacterales;f__Helicobacteraceae;g__Helicobacter;s__hepaticus,k__Bacteria,p__Proteobacteria,c__Epsilonproteobacteria,o__Campylobacterales,f__Helicobacteraceae,g__Helicobacter,s__hepaticus,V204,204,0.826717307451789,0.5,26.973968731063138,0.5,0.05764058032339089
k__Bacteria;p__Proteobacteria;c__Gammaproteobacteria;o__Enterobacteriales;f__Enterobacteriaceae;__;__,k__Bacteria,p__Proteobacteria,c__Gammaproteobacteria,o__Enterobacteriales,f__Enterobacteriaceae,__,__,V205,205,0.48236471929853897,0.5,26.102524998953424,0.5,0.0034884207027400236
k__Bacteria;p__Proteobacteria;c__Gammaproteobacteria;o__Oceanospirillales;f__Halomonadaceae;g__Halomonas;__,k__Bacteria,p__Proteobacteria,c__Gammaproteobacteria,o__Oceanospirillales,f__Halomonadaceae,g__Halomonas,__,V206,206,0.9991658243939116,0.5,37.28171611049832,0.5,1.0032840684156482e-6
k__Bacteria;p__Proteobacteria;c__Gammaproteobacteria;o__Pasteurellales;f__Pasteurellaceae;__;__,k__Bacteria,p__Proteobacteria,c__Gammaproteobacteria,o__Pasteurellales,f__Pasteurellaceae,__,__,V207,207,0.571551787145769,0.5,21.15551244156001,0.5,5.965697022752068e-6
k__Bacteria;p__Proteobacteria;c__Gammaproteobacteria;o__Pseudomonadales;f__Moraxellaceae;g__Acinetobacter;__,k__Bacteria,p__Proteobacteria,c__Gammaproteobacteria,o__Pseudomonadales,f__Moraxellaceae,g__Acinetobacter,__,V208,208,0.9991658243939116,0.5,37.281716110498316,0.5,1.0032840684156482e-6
k__Bacteria;p__Proteobacteria;c__Gammaproteobacteria;o__Pseudomonadales;f__Moraxellaceae;g__Acinetobacter;s__guillouiae,k__Bacteria,p__Proteobacteria,c__Gammaproteobacteria,o__Pseudomonadales,f__Moraxellaceae,g__Acinetobacter,s__guillouiae,V209,209,0.9097324437159487,0.5,33.729762150440955,0.5,1.2704561326953756e-6
k__Bacteria;p__Proteobacteria;c__Gammaproteobacteria;o__Pseudomonadales;f__Moraxellaceae;g__Acinetobacter;s__lwoffii,k__Bacteria,p__Proteobacteria,c__Gammaproteobacteria,o__Pseudomonadales,f__Moraxellaceae,g__Acinetobacter,s__lwoffii,V210,210,0.9610782065735692,0.5,35.07008537683944,0.5,1.1563342815781866e-6
k__Bacteria;p__Proteobacteria;c__Gammaproteobacteria;o__Pseudomonadales;f__Moraxellaceae;g__Acinetobacter;s__schindleri,k__Bacteria,p__Proteobacteria,c__Gammaproteobacteria,o__Pseudomonadales,f__Moraxellaceae,g__Acinetobacter,s__schindleri,V211,211,0.9991658243939116,0.5,37.281716110498316,0.5,1.0032840684156482e-6
k__Bacteria;p__Proteobacteria;c__Gammaproteobacteria;o__Pseudomonadales;f__Pseudomonadaceae;g__Pseudomonas;__,k__Bacteria,p__Proteobacteria,c__Gammaproteobacteria,o__Pseudomonadales,f__Pseudomonadaceae,g__Pseudomonas,__,V212,212,0.7541974294765195,0.5,27.496845779975267,0.5,2.1243952599879252e-6
k__Bacteria;p__Proteobacteria;c__Gammaproteobacteria;o__Pseudomonadales;f__Pseudomonadaceae;g__Pseudomonas;s__,k__Bacteria,p__Proteobacteria,c__Gammaproteobacteria,o__Pseudomonadales,f__Pseudomonadaceae,g__Pseudomonas,s__,V213,213,0.4513700286555528,0.5,13.46852391616301,0.5,8.913137692123895e-6
k__Bacteria;p__Proteobacteria;c__Gammaproteobacteria;o__Pseudomonadales;f__Pseudomonadaceae;g__Pseudomonas;s__fragi,k__Bacteria,p__Proteobacteria,c__Gammaproteobacteria,o__Pseudomonadales,f__Pseudomonadaceae,g__Pseudomonas,s__fragi,V214,214,0.9315958866143533,0.5,34.02660396398928,0.5,1.237271207324507e-6
k__Bacteria;p__Proteobacteria;c__Gammaproteobacteria;o__Pseudomonadales;f__Pseudomonadaceae;g__Pseudomonas;s__stutzeri,k__Bacteria,p__Proteobacteria,c__Gammaproteobacteria,o__Pseudomonadales,f__Pseudomonadaceae,g__Pseudomonas,s__stutzeri,V215,215,0.8809122085289036,0.5,31.918159761050923,0.5,2.342353575403261e-6
k__Bacteria;p__Proteobacteria;c__Gammaproteobacteria;o__Pseudomonadales;f__Pseudomonadaceae;g__Pseudomonas;s__viridiflava,k__Bacteria,p__Proteobacteria,c__Gammaproteobacteria,o__Pseudomonadales,f__Pseudomonadaceae,g__Pseudomonas,s__viridiflava,V216,216,0.9991658243939116,0.5,37.281716110498316,0.5,1.0032840684156482e-6
k__Bacteria;p__Proteobacteria;c__Gammaproteobacteria;o__Vibrionales;f__Vibrionaceae;g__Photobacterium;s__,k__Bacteria,p__Proteobacteria,c__Gammaproteobacteria,o__Vibrionales,f__Vibrionaceae,g__Photobacterium,s__,V217,217,0.9991658243939116,0.5,37.281716110498316,0.5,1.0032840684156482e-6
k__Bacteria;p__Proteobacteria;c__Gammaproteobacteria;o__Xanthomonadales;f__Xanthomonadaceae;g__Stenotrophomonas;__,k__Bacteria,p__Proteobacteria,c__Gammaproteobacteria,o__Xanthomonadales,f__Xanthomonadaceae,g__Stenotrophomonas,__,V218,218,0.9445638335878908,0.5,34.05285067615825,0.5,1.482032840442241e-6
k__Bacteria;p__Proteobacteria;c__Gammaproteobacteria;o__Xanthomonadales;f__Xanthomonadaceae;g__Stenotrophomonas;s__geniculata,k__Bacteria,p__Proteobacteria,c__Gammaproteobacteria,o__Xanthomonadales,f__Xanthomonadaceae,g__Stenotrophomonas,s__geniculata,V219,219,0.9569271191183524,0.5,34.84379372482401,0.5,1.122414191325427e-6
k__Bacteria;p__TM7;c__TM7-3;o__;f__;g__;s__,k__Bacteria,p__TM7,c__TM7-3,o__,f__,g__,s__,V220,220,0.9991658243939116,0.5,37.281716110498316,0.5,1.0032840684156482e-6
k__Bacteria;p__TM7;c__TM7-3;o__CW040;f__F16;g__;s__,k__Bacteria,p__TM7,c__TM7-3,o__CW040,f__F16,g__,s__,V221,221,0.9247356388434739,0.5,41.10806988648327,0.5,0.0248515982950683
k__Bacteria;p__TM7;c__TM7-3;o__EW055;f__;g__;s__,k__Bacteria,p__TM7,c__TM7-3,o__EW055,f__,g__,s__,V222,222,0.9991658243939116,0.5,37.281716110498316,0.5,1.0032840684156482e-6
k__Bacteria;p__Tenericutes;c__Mollicutes;__;__;__;__,k__Bacteria,p__Tenericutes,c__Mollicutes,__,__,__,__,V223,223,0.7918719446570194,0.5,30.05756499863384,0.5,2.2829767670042285e-6
k__Bacteria;p__Tenericutes;c__Mollicutes;o__Anaeroplasmatales;f__Anaeroplasmataceae;g__Anaeroplasma;s__,k__Bacteria,p__Tenericutes,c__Mollicutes,o__Anaeroplasmatales,f__Anaeroplasmataceae,g__Anaeroplasma,s__,V224,224,0.8244363060167431,0.5,411.42156050165266,0.5,0.011819855659835296
k__Bacteria;p__Tenericutes;c__Mollicutes;o__RF39;f__;g__;s__,k__Bacteria,p__Tenericutes,c__Mollicutes,o__RF39,f__,g__,s__,V225,225,0.62896218776022,0.5,29.826952807150423,0.5,0.009639894317568622
k__Bacteria;p__Verrucomicrobia;c__Verrucomicrobiae;o__Verrucomicrobiales;f__Verrucomicrobiaceae;g__;s__,k__Bacteria,p__Verrucomicrobia,c__Verrucomicrobiae,o__Verrucomicrobiales,f__Verrucomicrobiaceae,g__,s__,V226,226,0.9026046944207123,0.5,32.623388844759404,0.5,1.9736446889913953e-6
k__Bacteria;p__Verrucomicrobia;c__Verrucomicrobiae;o__Verrucomicrobiales;f__Verrucomicrobiaceae;g__Akkermansia;s__muciniphila,k__Bacteria,p__Verrucomicrobia,c__Verrucomicrobiae,o__Verrucomicrobiales,f__Verrucomicrobiaceae,g__Akkermansia,s__muciniphila,V227,227,0.5958305244410683,0.5,33.612111007154915,0.5,0.006315874491446933
k__Bacteria;p__Verrucomicrobia;c__Verrucomicrobiae;o__Verrucomicrobiales;f__Verrucomicrobiaceae;g__Prosthecobacter;s__debontii,k__Bacteria,p__Verrucomicrobia,c__Verrucomicrobiae,o__Verrucomicrobiales,f__Verrucomicrobiaceae,g__Prosthecobacter,s__debontii,V228,228,0.958970723676963,0.5,34.59303477061327,0.5,1.3591298783049524e-6
k__Bacteria;p__[Thermi];c__Deinococci;o__Deinococcales;f__Deinococcaceae;g__Deinococcus;s__,k__Bacteria,p__[Thermi],c__Deinococci,o__Deinococcales,f__Deinococcaceae,g__Deinococcus,s__,V229,229,0.7698371745615383,0.5,28.89252714538354,0.5,2.5973686300897413e-6
k__Bacteria;p__[Thermi];c__Deinococci;o__Thermales;f__Thermaceae;g__Thermus;s__,k__Bacteria,p__[Thermi],c__Deinococci,o__Thermales,f__Thermaceae,g__Thermus,s__,V230,230,0.9991658243939117,0.5,37.28171611049831,0.5,1.0032840684156482e-6
